c_source,direct_header_same_stem,included_headers,c_lines,ts_same_name_candidates,first_pass_status,documented_port_status,header_public_function_count,header_public_functions,public_function_names_seen_in_ts,header_functions_not_found_in_ts,five_small_module_review
../pokefirered/src/AgbRfu_LinkManager.c,../pokefirered/include/AgbRfu_LinkManager.h,global.h;librfu.h;AgbRfu_LinkManager.h;sloopsvc.h,1480,,FUERA_DE_ALCANCE_CANDIDATO,OUT_OF_SCOPE_CANDIDATE,15,d;rfu_LMAN_REQBN_softReset_and_checkID;rfu_LMAN_requestChangeAgbClockMaster;rfu_LMAN_initializeRFU;rfu_LMAN_establishConnection;rfu_LMAN_stopManager;rfu_LMAN_setMSCCallback;rfu_LMAN_REQ_sendData;rfu_LMAN_powerDownRFU;rfu_LMAN_CHILD_connectParent;rfu_LMAN_setLinkRecovery;rfu_LMAN_manager_entity;rfu_LMAN_syncVBlank;rfu_LMAN_initializeManager;rfu_LMAN_forceChangeSP,1,rfu_LMAN_REQBN_softReset_and_checkID;rfu_LMAN_requestChangeAgbClockMaster;rfu_LMAN_initializeRFU;rfu_LMAN_establishConnection;rfu_LMAN_stopManager;rfu_LMAN_setMSCCallback;rfu_LMAN_REQ_sendData;rfu_LMAN_powerDownRFU;rfu_LMAN_CHILD_connectParent;rfu_LMAN_setLinkRecovery;rfu_LMAN_manager_entity;rfu_LMAN_syncVBlank;rfu_LMAN_initializeManager;rfu_LMAN_forceChangeSP,
../pokefirered/src/agb_flash.c,,gba/gba.h;gba/flash_internal.h,297,,SIN_MAPEO_NOMBRE_REVISAR,OUT_OF_SCOPE_DOCUMENTED,0,,0,,"Generic GBA Flash-chip hardware operations: unlock/read-ID, bank switching, copied Thumb routines for volatile reads/verification, timer interrupts, sector program/verify retries and wait-state changes. Browser saves use localStorage, with no mapped flash bus/registers; this module has no direct game rules. Excludes physical flash behavior only; browser save reliability and corruption handling require separate parity review."
../pokefirered/src/agb_flash_1m.c,,gba/gba.h;gba/flash_internal.h,86,,SIN_MAPEO_NOMBRE_REVISAR,OUT_OF_SCOPE_DOCUMENTED,0,,0,,"This module identifies the physical 1 Mbit GBA flash chip, switches register timing, assigns chip-specific flash driver callbacks, and polls hardware writes. The browser persists saves through localStorage and has no flash chip or memory-mapped register equivalent. Classification excludes only this physical-device driver, not save-flow or save-format parity."
../pokefirered/src/agb_flash_le.c,,gba/gba.h;gba/flash_internal.h,31,,SIN_MAPEO_NOMBRE_REVISAR,OUT_OF_SCOPE_DOCUMENTED,0,,0,,"This file only configures the LE26FV10N1TS GBA flash chip timings, sector geometry and hardware IDs. The browser save adapter uses localStorage, so this device-specific driver has no web runtime analogue. This classification does not assert byte-for-byte SaveBlock or save-UI parity."
../pokefirered/src/agb_flash_mx.c,,gba/gba.h;gba/flash_internal.h,197,,SIN_MAPEO_NOMBRE_REVISAR,OUT_OF_SCOPE_DOCUMENTED,0,,0,,"Contains MX29L010/DefaultFlash chip geometry and the physical GBA flash command sequences for chip/sector erase, byte/sector program, wait-state switching, bank switching and timer-polled writes. Web saves use localStorage; this device driver has no web runtime analogue. Excludes only physical Flash operations, not save semantics."
../pokefirered/src/bag.c,../pokefirered/include/bag.h,global.h;gflib.h;item_menu.h;text_window.h;menu_helpers.h;new_menu_helpers.h;menu.h;money.h;strings.h,312,,SIN_MAPEO_NOMBRE_REVISAR,DOC_PORTED_REVIEW_SCOPE,13,InitBagWindows;BagPrintTextOnWindow;BagPrintTextOnWin1CenteredColor0;BagDrawDepositItemTextBox;ShowBagWindow;HideBagWindow;OpenBagWindow;CloseBagWindow;GetBagWindow;BagCreateYesNoMenuBottomRight;BagCreateYesNoMenuTopRight;BagPrintMoneyAmount;BagDrawTextBoxOnWindow,13,,"All 13 declared functions are implemented as local helpers in bagMenu.ts and wired through the real bag screen state machine: templates, text/colors, window lifecycle, deposit frame, yes/no, money box and border. Grep confirmed exact same-name coverage; window/frame behavior stays hardware-backed in TS. Source/name mapping review only; no new browser or pixel comparison."
../pokefirered/src/battle_ai_script_commands.c,../pokefirered/include/battle_ai_script_commands.h,global.h;battle.h;battle_anim.h;util.h;item.h;random.h;battle_ai_script_commands.h;constants/abilities.h;constants/battle_ai.h;constants/battle_move_effects.h;constants/moves.h,1970,,SIN_MAPEO_NOMBRE_REVISAR,UNREVIEWED,8,BattleAI_HandleItemUseBeforeAISetup;BattleAI_SetupAIData;BattleAI_ChooseMoveOrAction;ClearBankMoveHistory;RecordAbilityBattle;ClearBankAbilityHistory;RecordItemEffectBattle;ClearBankItemEffectHistory,5,ClearBankMoveHistory;ClearBankAbilityHistory;ClearBankItemEffectHistory,
../pokefirered/src/battle_ai_switch_items.c,../pokefirered/include/battle_ai_switch_items.h,global.h;battle.h;battle_anim.h;battle_controllers.h;random.h;util.h;constants/abilities.h;constants/item_effects.h;constants/items.h;constants/moves.h;constants/pokemon.h,674,,SIN_MAPEO_NOMBRE_REVISAR,DOC_PORTED_REVIEW_SCOPE,2,AI_TrySwitchOrUseItem;GetMostSuitableMonToSwitchInto,2,,"All source routines (switch conditions, absorption/immunity candidates, suitability scoring, item classification/effect selection and trainer decision) are represented in battle/ai.ts. The source comment explicitly notes the same omitted Flying/Levitate trapping check. TS preserves C RNG and u8 damage/buff behavior where observed. Source code review only; no battle replay/parity execution."
../pokefirered/src/battle_anim.c,../pokefirered/include/battle_anim.h,global.h;gflib.h;battle.h;battle_anim.h;battle_controllers.h;battle_interface.h;battle_bg.h;decompress.h;graphics.h;m4a.h;task.h;constants/battle_anim.h;data/battle_anim.h,1725,,SIN_MAPEO_NOMBRE_REVISAR,DOC_PARTIAL_OR_ADAPTED,135,d;MoveBattlerSpriteToBG;ResetBattleAnimBg;ClearBattleAnimationVars;DoMoveAnim;LaunchBattleAnimation;DestroyAnimSprite;DestroyAnimVisualTask;DestroyAnimSoundTask;IsContest;BattleAnimAdjustPanning;BattleAnimAdjustPanning2;CalculatePanIncrement;IsBattlerSpriteVisible;KeepPanInRange;RelocateBattleBgPal;SetAnimBgAttribute;GetAnimBgAttribute;HandleIntroSlide;BattleIntroSlideEnd;CopyBattlerSpriteToBg;SetSpriteNextToMonHead;TryShinyAnimation;ItemIdToBallId;AnimateBallOpenParticles;LaunchBallFadeMonTask;DoLoadHealthboxPalsForLevelUp;DoFreeHealthboxPalsForLevelUp;LaunchStatusAnimation;GetBattlerSpriteCoord;GetBattlerSpriteCoord2;GetBattlerSpriteDefault_Y;GetSubstituteSpriteDefault_Y;GetGhostSpriteDefault_Y;GetBattlerYCoordWithElevation;GetAnimBattlerSpriteId;StoreSpriteCallbackInData6;TranslateSpriteInCircle;TranslateSpriteInGrowingCircle;TranslateSpriteInEllipse;WaitAnimForDuration;ConvertPosDataToTranslateLinearData;TranslateSpriteLinear;TranslateSpriteLinearFixedPoint;TranslateSpriteLinearById;TranslateSpriteLinearByIdFixedPoint;TranslateSpriteLinearAndFlicker;DestroySpriteAndMatrix;RunStoredCallbackWhenAffineAnimEnds;RunStoredCallbackWhenAnimEnds;DestroyAnimSpriteAndDisableBlend;DestroyAnimVisualTaskAndDisableBlend;SetSpriteCoordsToAnimAttackerCoords;SetAnimSpriteInitialXOffset;InitAnimArcTranslation;TranslateAnimHorizontalArc;TranslateAnimVerticalArc;SetSpritePrimaryCoordsFromSecondaryCoords;InitSpritePosToAnimTarget;InitSpritePosToAnimAttacker;GetBattlerSide;GetBattlerPosition;GetBattlerAtPosition;IsBattlerSpritePresent;IsDoubleBattle;GetBattleAnimBg1Data;GetBattleAnimBgData;GetBattleAnimBgDataByPriorityRank;InitBattleAnimBg;AnimLoadCompressedBgGfx;InitAnimBgTilemapBuffer;AnimLoadCompressedBgTilemap;GetBattleBgPaletteNum;ToggleBg3Mode;Trade_MoveSelectedMonToTarget;InitSpriteDataForLinearTranslation;InitAnimLinearTranslation;StartAnimLinearTranslation;PlayerThrowBall_StartAnimLinearTranslation;AnimTranslateLinear;AnimTranslateLinear_WithFollowup;InitAnimLinearTranslationWithSpeed;InitAnimLinearTranslationWithSpeedAndPos;InitAndRunAnimFastLinearTranslation;AnimFastTranslateLinear;InitAnimFastLinearTranslationWithSpeed;InitAnimFastLinearTranslationWithSpeedAndPos;SetSpriteRotScale;PrepareBattlerSpriteForRotScale;ResetSpriteRotScale;SetBattlerSpriteYOffsetFromRotation;TrySetSpriteRotScale;TryResetSpriteAffineState;ArcTan2Neg;SetGreyscaleOrOriginalPalette;GetBattlePalettesMask;GetBattleMonSpritePalettesMask;GetSpritePalIdxByBattler;AnimSpriteOnMonPos;TranslateAnimSpriteToTargetMonLocation;AnimThrowProjectile;AnimTravelDiagonally;CloneBattlerSpriteWithBlend;DestroySpriteWithActiveSheet;PrepareAffineAnimInTaskData;RunAffineAnimFromTaskData;SetBattlerSpriteYOffsetFromYScale;SetBattlerSpriteYOffsetFromOtherYScale;StorePointerInVars;LoadPointerFromVars;BattleAnimHelper_SetSpriteSquashParams;BattleAnimHelper_RunSpriteSquash;InitPrioritiesForVisibleBattlers;GetBattlerSpriteSubpriority;GetBattlerSpriteBGPriority;GetBattlerSpriteBGPriorityRank;CreateAdditionalMonSpriteForMoveAnim;DestroySpriteAndFreeResources_;GetBattlerSpriteCoordAttr;SetAverageBattlerPositions;CreateInvisibleSpriteCopy;AnimTranslateLinearAndFlicker_Flipped;AnimTranslateLinearAndFlicker;AnimSpinningSparkle;AnimWeatherBallUp;AnimWeatherBallDown;AnimParticleBurst;AnimMoveTwisterParticle;UnpackSelectedBattlePalettes;AnimTask_HorizontalShake;DestroyAnimSpriteAfterTimer;AnimWaterPulseRing;SmokescreenImpact;InitStatsChangeAnimation;StartMonScrollingBgMask,112,IsContest;BattleAnimAdjustPanning;BattleAnimAdjustPanning2;CalculatePanIncrement;KeepPanInRange;SetSpriteNextToMonHead;Trade_MoveSelectedMonToTarget;StorePointerInVars;LoadPointerFromVars;AnimTranslateLinearAndFlicker_Flipped;AnimTranslateLinearAndFlicker;AnimSpinningSparkle;AnimWeatherBallUp;AnimWeatherBallDown;AnimParticleBurst;AnimMoveTwisterParticle;UnpackSelectedBattlePalettes;AnimTask_HorizontalShake;DestroyAnimSpriteAfterTimer;AnimWaterPulseRing;SmokescreenImpact;InitStatsChangeAnimation;StartMonScrollingBgMask,
../pokefirered/src/battle_anim_bug.c,,global.h;battle_anim.h;gpu_regs.h;trig.h,462,,SIN_MAPEO_NOMBRE_REVISAR,DOC_PARTIAL_OR_ADAPTED,0,,0,,
../pokefirered/src/battle_anim_dark.c,,global.h;gflib.h;battle_anim.h;graphics.h;scanline_effect.h;trig.h;util.h,923,,SIN_MAPEO_NOMBRE_REVISAR,DOC_PARTIAL_OR_ADAPTED,0,,0,,
../pokefirered/src/battle_anim_dragon.c,,global.h;battle_anim.h;scanline_effect.h;task.h;trig.h,434,,SIN_MAPEO_NOMBRE_REVISAR,DOC_PARTIAL_OR_ADAPTED,0,,0,,
../pokefirered/src/battle_anim_effects_1.c,,global.h;gflib.h;battle_anim.h;battle_interface.h;random.h;trig.h;util.h;constants/songs.h,5677,,SIN_MAPEO_NOMBRE_REVISAR,DOC_PARTIAL_OR_ADAPTED,0,,0,,
../pokefirered/src/battle_anim_effects_2.c,,global.h;gflib.h;battle_anim.h;battle_interface.h;decompress.h;graphics.h;math_util.h;random.h;scanline_effect.h;trig.h;util.h;constants/songs.h,3865,,SIN_MAPEO_NOMBRE_REVISAR,DOC_PARTIAL_OR_ADAPTED,0,,0,,
../pokefirered/src/battle_anim_effects_3.c,,global.h;gflib.h;battle.h;battle_anim.h;data.h;decompress.h;graphics.h;pokemon_icon.h;random.h;scanline_effect.h;task.h;trig.h;util.h;constants/battle_anim.h;constants/songs.h;constants/weather.h,5430,,SIN_MAPEO_NOMBRE_REVISAR,DOC_PARTIAL_OR_ADAPTED,0,,0,,
../pokefirered/src/battle_anim_electric.c,,global.h;battle_anim.h;trig.h;sound.h;constants/songs.h,1280,,SIN_MAPEO_NOMBRE_REVISAR,DOC_PARTIAL_OR_ADAPTED,0,,0,,
../pokefirered/src/battle_anim_fight.c,,global.h;gflib.h;battle_anim.h;random.h;task.h;trig.h,969,,SIN_MAPEO_NOMBRE_REVISAR,DOC_PARTIAL_OR_ADAPTED,0,,0,,
../pokefirered/src/battle_anim_fire.c,,global.h;battle_anim.h;sound.h;util.h;task.h;trig.h;palette.h;constants/songs.h,1286,,SIN_MAPEO_NOMBRE_REVISAR,DOC_PARTIAL_OR_ADAPTED,0,,0,,
../pokefirered/src/battle_anim_flying.c,,global.h;battle_anim.h;gflib.h;trig.h;constants/battle_anim.h;random.h,1289,,SIN_MAPEO_NOMBRE_REVISAR,DOC_PARTIAL_OR_ADAPTED,0,,0,,
../pokefirered/src/battle_anim_ghost.c,,global.h;gflib.h;battle_anim.h;scanline_effect.h;graphics.h;trig.h;util.h;decompress.h;constants/songs.h,1484,,SIN_MAPEO_NOMBRE_REVISAR,DOC_PARTIAL_OR_ADAPTED,0,,0,,
../pokefirered/src/battle_anim_ground.c,,global.h;battle_anim.h;random.h;scanline_effect.h;task.h;trig.h,752,,SIN_MAPEO_NOMBRE_REVISAR,DOC_PARTIAL_OR_ADAPTED,0,,0,,
../pokefirered/src/battle_anim_ice.c,,global.h;gflib.h;battle_anim.h;graphics.h;random.h;task.h;trig.h;constants/battle_anim.h,1474,,SIN_MAPEO_NOMBRE_REVISAR,DOC_PARTIAL_OR_ADAPTED,0,,0,,
../pokefirered/src/battle_anim_mon_movement.c,,global.h;battle.h;battle_anim.h;task.h;trig.h,941,,SIN_MAPEO_NOMBRE_REVISAR,DOC_PARTIAL_OR_ADAPTED,0,,0,,
../pokefirered/src/battle_anim_mons.c,,global.h;gflib.h;battle_anim.h;data.h;decompress.h;pokemon_icon.h;task.h;trig.h;util.h;constants/battle_anim.h,2360,,PORTADO_EN_STATUS,DOC_PORTED_REVIEW_SCOPE,0,,0,,
../pokefirered/src/battle_anim_normal.c,,global.h;gflib.h;battle_anim.h;random.h;task.h;trig.h,997,,SIN_MAPEO_NOMBRE_REVISAR,DOC_PARTIAL_OR_ADAPTED,0,,0,,
../pokefirered/src/battle_anim_poison.c,,global.h;battle_anim.h;trig.h,298,,SIN_MAPEO_NOMBRE_REVISAR,DOC_PARTIAL_OR_ADAPTED,0,,0,,
../pokefirered/src/battle_anim_psychic.c,,global.h;gflib.h;battle_anim.h;scanline_effect.h;trig.h;constants/songs.h,1090,,SIN_MAPEO_NOMBRE_REVISAR,DOC_PARTIAL_OR_ADAPTED,0,,0,,
../pokefirered/src/battle_anim_rock.c,,global.h;gflib.h;battle_anim.h;graphics.h;task.h;trig.h;constants/songs.h,822,,SIN_MAPEO_NOMBRE_REVISAR,DOC_PARTIAL_OR_ADAPTED,0,,0,,
../pokefirered/src/battle_anim_smokescreen.c,,global.h;battle_gfx_sfx_util.h;decompress.h;graphics.h;util.h,197,,SIN_MAPEO_NOMBRE_REVISAR,DOC_PARTIAL_OR_ADAPTED,0,,0,,
../pokefirered/src/battle_anim_sound_tasks.c,,global.h;gflib.h;battle.h;battle_anim.h;task.h;constants/battle_anim.h;constants/sound.h,332,,SIN_MAPEO_NOMBRE_REVISAR,DOC_PARTIAL_OR_ADAPTED,0,,0,,
../pokefirered/src/battle_anim_special.c,,global.h;gflib.h;battle.h;battle_anim.h;battle_main.h;battle_message.h;battle_controllers.h;battle_interface.h;decompress.h;graphics.h;m4a.h;pokeball.h;task.h;trig.h;util.h;constants/items.h;constants/moves.h;constants/songs.h,2304,,SIN_MAPEO_NOMBRE_REVISAR,DOC_PARTIAL_OR_ADAPTED,0,,0,,
../pokefirered/src/battle_anim_status_effects.c,,global.h;gflib.h;battle.h;battle_anim.h;decompress.h;task.h;trig.h;util.h;constants/battle_anim.h;constants/pokemon.h,535,,SIN_MAPEO_NOMBRE_REVISAR,DOC_PARTIAL_OR_ADAPTED,0,,0,,
../pokefirered/src/battle_anim_utility_funcs.c,,global.h;gflib.h;battle.h;battle_anim.h;graphics.h;task.h;util.h;constants/songs.h,970,,SIN_MAPEO_NOMBRE_REVISAR,DOC_PARTIAL_OR_ADAPTED,0,,0,,
../pokefirered/src/battle_anim_water.c,,global.h;battle_anim.h;decompress.h;gpu_regs.h;graphics.h;palette.h;pokemon.h;random.h;scanline_effect.h;sprite.h;task.h;trig.h;util.h,1591,,SIN_MAPEO_NOMBRE_REVISAR,DOC_PARTIAL_OR_ADAPTED,0,,0,,
../pokefirered/src/battle_bg.c,../pokefirered/include/battle_bg.h,global.h;gflib.h;battle.h;battle_bg.h;battle_message.h;decompress.h;graphics.h;link.h;new_menu_helpers.h;overworld.h;text_window.h;trig.h;constants/maps.h;constants/songs.h;constants/trainers.h,1111,,SIN_MAPEO_NOMBRE_REVISAR,UNREVIEWED,7,InitBattleBgsVideo;DrawBattleEntryBackground;InitLinkBattleVsScreen;LoadBattleMenuWindowGfx;LoadBattleTextboxAndBackground;BattleInitBgsAndWindows;DrawMainBattleBackground,7,,
../pokefirered/src/battle_controller_link_opponent.c,,global.h;battle.h;battle_anim.h;battle_controllers.h;battle_interface.h;battle_message.h;gflib.h;data.h;link.h;m4a.h;pokeball.h;task.h;util.h;constants/battle_anim.h;constants/songs.h;constants/sound.h;constants/trainers.h,1713,,SIN_MAPEO_NOMBRE_REVISAR,UNREVIEWED,0,,0,,
../pokefirered/src/battle_controller_link_partner.c,,global.h;gflib.h;data.h;link.h;pokeball.h;task.h;util.h;battle.h;battle_anim.h;battle_controllers.h;battle_interface.h;battle_message.h;constants/battle_anim.h;constants/songs.h;constants/sound.h,1647,,SIN_MAPEO_NOMBRE_REVISAR,UNREVIEWED,0,,0,,
../pokefirered/src/battle_controller_oak_old_man.c,,global.h;gflib.h;task.h;pokeball.h;party_menu.h;util.h;m4a.h;link.h;item.h;item_menu.h;strings.h;battle.h;battle_anim.h;battle_controllers.h;battle_interface.h;battle_message.h;reshow_battle_screen.h;constants/songs.h;constants/items.h,2293,,SIN_MAPEO_NOMBRE_REVISAR,UNREVIEWED,0,,0,,
../pokefirered/src/battle_controller_opponent.c,,global.h;gflib.h;data.h;m4a.h;task.h;util.h;pokeball.h;random.h;battle.h;battle_anim.h;battle_controllers.h;battle_message.h;battle_interface.h;battle_tower.h;battle_gfx_sfx_util.h;battle_ai_script_commands.h;battle_ai_switch_items.h;trainer_tower.h;constants/battle_anim.h;constants/moves.h;constants/songs.h;constants/sound.h,1777,,SIN_MAPEO_NOMBRE_REVISAR,UNREVIEWED,0,,0,,
../pokefirered/src/battle_controller_player.c,,global.h;gflib.h;data.h;item.h;item_menu.h;link.h;m4a.h;party_menu.h;pokeball.h;strings.h;pokemon_special_anim.h;task.h;util.h;battle.h;battle_anim.h;battle_controllers.h;battle_interface.h;battle_message.h;battle_script_commands.h;reshow_battle_screen.h;constants/battle_anim.h;constants/items.h;constants/moves.h;constants/songs.h;constants/sound.h,2966,,SIN_MAPEO_NOMBRE_REVISAR,UNREVIEWED,0,,0,,
../pokefirered/src/battle_controller_pokedude.c,,global.h;gflib.h;task.h;party_menu.h;pokeball.h;data.h;util.h;m4a.h;link.h;event_data.h;item_menu.h;strings.h;battle.h;battle_anim.h;battle_controllers.h;battle_interface.h;battle_message.h;reshow_battle_screen.h;teachy_tv.h;constants/songs.h;constants/moves.h;constants/pokemon.h,2698,,SIN_MAPEO_NOMBRE_REVISAR,DOC_PARTIAL_OR_ADAPTED,0,,0,,
../pokefirered/src/battle_controller_safari.c,,global.h;gflib.h;battle.h;battle_anim.h;battle_controllers.h;battle_interface.h;battle_message.h;data.h;item_menu.h;link.h;main.h;pokeball.h;util.h;strings.h;constants/songs.h;constants/battle_anim.h,669,,SIN_MAPEO_NOMBRE_REVISAR,DOC_PARTIAL_OR_ADAPTED,0,,0,,"Safari single-player controller is mapped in battle/controller_safari.ts: action menu BALL/BAIT/ROCK/RUN, trainer entrance, throw animation, text, healthbox, sounds, intro and battle-animation waits. Controller command dispatch otherwise defaults to immediate completion; many source data, sprite, move/status, party-summary, and miscellaneous command handlers are not source-equivalent implementations here. Safari encounter/catch flow also resides in battle/main.ts and battleSetup.ts. Partial source review; no runtime execution."
../pokefirered/src/battle_controllers.c,../pokefirered/include/battle_controllers.h,global.h;battle.h;battle_ai_script_commands.h;battle_anim.h;battle_controllers.h;battle_message.h;cable_club.h;link.h;link_rfu.h;party_menu.h;task.h;util.h;constants/abilities.h,1214,,SIN_MAPEO_NOMBRE_REVISAR,UNREVIEWED,76,HandleLinkBattleSetup;SetUpBattleVars;InitBattleControllers;TryReceiveLinkBattleData;PrepareBufferDataTransferLink;BtlController_EmitGetMonData;BtlController_EmitSetMonData;BtlController_EmitLoadMonSprite;BtlController_EmitSwitchInAnim;BtlController_EmitReturnMonToBall;BtlController_EmitDrawTrainerPic;BtlController_EmitTrainerSlide;BtlController_EmitTrainerSlideBack;BtlController_EmitFaintAnimation;BtlController_EmitBallThrowAnim;BtlController_EmitMoveAnimation;BtlController_EmitPrintString;BtlController_EmitPrintSelectionString;BtlController_EmitChooseAction;BtlController_EmitChooseMove;BtlController_EmitChooseItem;BtlController_EmitChoosePokemon;BtlController_EmitHealthBarUpdate;BtlController_EmitExpUpdate;BtlController_EmitStatusIconUpdate;BtlController_EmitStatusAnimation;BtlController_EmitDataTransfer;BtlController_EmitTwoReturnValues;BtlController_EmitChosenMonReturnValue;BtlController_EmitOneReturnValue;BtlController_EmitOneReturnValue_Duplicate;BtlController_EmitHitAnimation;BtlController_EmitCantSwitch;BtlController_EmitPlaySE;BtlController_EmitPlayFanfare;BtlController_EmitFaintingCry;BtlController_EmitIntroSlide;BtlController_EmitIntroTrainerBallThrow;BtlController_EmitDrawPartyStatusSummary;BtlController_EmitHidePartyStatusSummary;BtlController_EmitEndBounceEffect;BtlController_EmitSpriteInvisibility;BtlController_EmitBattleAnimation;BtlController_EmitLinkStandbyMsg;BtlController_EmitResetActionMoveSelection;BtlController_EmitEndLinkBattle;BattleControllerDummy;SetControllerToPlayer;PlayerHandleGetRawMonData;SpriteCB_FreePlayerSpriteLoadMonSprite;SetCB2ToReshowScreenAfterMenu;SetCB2ToReshowScreenAfterMenu2;Task_PlayerController_RestoreBgmAfterCry;ActionSelectionCreateCursorAt;ActionSelectionDestroyCursorAt;InitMoveSelectionsVarsAndStrings;SetBattleEndCallbacks;MoveSelectionCreateCursorAt;MoveSelectionDestroyCursorAt;HandleInputChooseMove;SetControllerToOpponent;OpponentBufferExecCompleted;SetControllerToSafari;SetControllerToPokedude;InitPokedudePartyAndOpponent;SetControllerToOakOrOldMan;BtlCtrl_OakOldMan_TestState2Flag;BtlCtrl_OakOldMan_SetState2Flag;PrintOakText_InflictingDamageIsKey;PrintOakText_HowDisappointing;PrintOakText_OakNoRunningFromATrainer;OakOldManHandleInputChooseMove;BtlCtrl_DrawVoiceoverMessageFrame;BtlCtrl_RemoveVoiceoverMessageFrame;SetControllerToLinkOpponent;SetControllerToLinkPartner,69,HandleLinkBattleSetup;TryReceiveLinkBattleData;PrepareBufferDataTransferLink;SetControllerToPokedude;InitPokedudePartyAndOpponent;SetControllerToLinkOpponent;SetControllerToLinkPartner,
../pokefirered/src/battle_gfx_sfx_util.c,../pokefirered/include/battle_gfx_sfx_util.h,global.h;gflib.h;m4a.h;task.h;graphics.h;decompress.h;palette.h;sprite.h;data.h;util.h;party_menu.h;battle.h;battle_main.h;battle_anim.h;battle_interface.h;constants/battle_anim.h;constants/moves.h;constants/songs.h,1061,,PORTADO_EN_STATUS,DOC_PORTED_REVIEW_SCOPE,40,AllocateBattleSpritesData;FreeBattleSpritesData;SpriteCB_WaitForBattlerBallReleaseAnim;SpriteCB_TrainerSlideIn;InitAndLaunchChosenStatusAnimation;TryHandleLaunchBattleTableAnimation;InitAndLaunchSpecialAnimation;IsMoveWithoutAnimation;IsBattleSEPlaying;BattleLoadOpponentMonSpriteGfx;BattleLoadPlayerMonSpriteGfx;DecompressGhostFrontPic;DecompressTrainerFrontPic;DecompressTrainerBackPalette;BattleGfxSfxDummy3;FreeTrainerFrontPicPaletteAndTile;BattleLoadAllHealthBoxesGfx;LoadBattleBarGfx;BattleInitAllSprites;ClearSpritesHealthboxAnimData;CopyAllBattleSpritesInvisibilities;CopyBattleSpriteInvisibility;HandleSpeciesGfxDataChange;BattleLoadSubstituteOrMonSpriteGfx;LoadBattleMonGfxAndAnimate;TrySetBehindSubstituteSpriteBit;ClearBehindSubstituteBit;HandleLowHpMusicChange;BattleStopLowHpSound;HandleBattleLowHpMusicChange;SetBattlerSpriteAffineMode;LoadAndCreateEnemyShadowSprites;SpriteCB_SetInvisible;SetBattlerShadowSpriteCallback;HideBattlerShadowSprite;BattleInterfaceSetWindowPals;ClearTemporarySpeciesSpriteData;AllocateMonSpritesGfx;FreeMonSpritesGfx;ShouldPlayNormalMonCry,35,AllocateBattleSpritesData;FreeBattleSpritesData;BattleGfxSfxDummy3;AllocateMonSpritesGfx;FreeMonSpritesGfx,
../pokefirered/src/battle_interface.c,../pokefirered/include/battle_interface.h,global.h;gflib.h;battle_anim.h;battle_interface.h;battle_message.h;decompress.h;graphics.h;menu.h;pokedex.h;pokemon_summary_screen.h;safari_zone.h;constants/songs.h,2240,,PORTADO_EN_STATUS,DOC_PORTED_REVIEW_SCOPE,19,Task_HidePartyStatusSummary;CreateBattlerHealthboxSprites;CreateSafariPlayerHealthboxSprites;SetBattleBarStruct;SetHealthboxSpriteInvisible;SetHealthboxSpriteVisible;DestoryHealthboxSprite;DummyBattleInterfaceFunc;UpdateOamPriorityInAllHealthboxes;InitBattlerHealthboxCoords;UpdateHpTextInHealthbox;SwapHpBarsWithHpText;CreatePartyStatusSummarySprites;UpdateHealthboxAttribute;GetScaledHPFraction;GetHPBarLevel;UpdateNickInHealthbox;TryAddPokeballIconToHealthbox;MoveBattleBar,19,,
../pokefirered/src/battle_intro.c,,global.h;gflib.h;battle.h;battle_anim.h;battle_setup.h;scanline_effect.h;task.h;trig.h,492,,PORTADO_EN_STATUS,DOC_PORTED_REVIEW_SCOPE,0,,0,,
../pokefirered/src/battle_main.c,../pokefirered/include/battle_main.h,global.h;gflib.h;battle.h;battle_anim.h;battle_ai_script_commands.h;battle_controllers.h;battle_interface.h;battle_main.h;battle_message.h;battle_scripts.h;battle_setup.h;berry.h;data.h;decompress.h;event_data.h;evolution_scene.h;graphics.h;help_system.h;item.h;link.h;link_rfu.h;load_save.h;m4a.h;party_menu.h;pokeball.h;pokedex.h;quest_log.h;random.h;roamer.h;safari_zone.h;scanline_effect.h;task.h;trig.h;vs_seeker.h;util.h;constants/abilities.h;constants/battle_move_effects.h;constants/battle_setup.h;constants/hold_effects.h;constants/items.h;constants/moves.h;constants/pokemon.h;constants/songs.h;constants/trainers.h;data/text/abilities.h,4477,,PORTADO_EN_STATUS,DOC_PORTED_REVIEW_SCOPE,32,CB2_InitBattle;BattleMainCB2;FreeRestoreBattleData;VBlankCB_Battle;SpriteCB_VsLetterDummy;SpriteCB_VsLetterInit;CB2_InitEndLinkBattle;GetBattleBgTemplateData;SpriteCB_EnemyMon;SpriteCallbackDummy_2;SpriteCB_FaintOpponentMon;SpriteCB_ShowAsMoveTarget;SpriteCB_HideAsMoveTarget;SpriteCB_AllyMon;SetIdleSpriteCallback;SpriteCB_FaintSlideAnim;DoBounceEffect;EndBounceEffect;SpriteCB_PlayerThrowInit;UpdatePlayerPosInThrowAnim;BeginBattleIntroDummy;BeginBattleIntro;SwitchInClearSetData;FaintClearSetData;BattleTurnPassed;IsRunningFromBattleImpossible;UpdatePartyOwnerOnSwitch_NonMulti;SwapTurnOrder;GetWhoStrikesFirst;RunBattleScriptCommands_PopCallbacksStack;RunBattleScriptCommands;TryRunFromBattle,28,SpriteCB_VsLetterDummy;SpriteCB_VsLetterInit;CB2_InitEndLinkBattle;GetBattleBgTemplateData,
../pokefirered/src/battle_message.c,../pokefirered/include/battle_message.h,global.h;gflib.h;battle.h;battle_anim.h;strings.h;battle_message.h;link.h;event_scripts.h;event_data.h;item.h;battle_tower.h;trainer_tower.h;battle_setup.h;field_specials.h;new_menu_helpers.h;battle_controllers.h;graphics.h;battle_ai_switch_items.h;constants/moves.h;constants/items.h;constants/trainers.h;constants/weather.h,2855,,PORTADO_EN_STATUS,DOC_PORTED_REVIEW_SCOPE,8,BufferStringBattle;BattleStringExpandPlaceholdersToDisplayedString;BattleStringExpandPlaceholders;BattleHandleAddTextPrinter;SetPpNumbersPaletteInMoveSelection;GetCurrentPpToMaxPpState;BattlePutTextOnWindow;BattleStringShouldBeColored,7,BattleHandleAddTextPrinter,
../pokefirered/src/battle_records.c,../pokefirered/include/battle_records.h,global.h;gflib.h;event_data.h;task.h;text_window.h;battle.h;trainer_tower.h;trainer_pokemon_sprites.h;scanline_effect.h;link.h;menu.h;overworld.h;strings.h;trainer_card.h;constants/battle.h;constants/songs.h;constants/maps.h,568,,SIN_MAPEO_NOMBRE_REVISAR,OUT_OF_SCOPE_CANDIDATE,2,ClearPlayerLinkBattleRecords;UpdatePlayerLinkBattleRecords,0,ClearPlayerLinkBattleRecords;UpdatePlayerLinkBattleRecords,Source display contains link-battle opponent records and Trainer Tower results; Clear/UpdatePlayerLinkBattleRecords are called only by new-game initialization or cable-club link results. Browser has no cable club/link sessions; the remaining Trainer Tower screen is postgame. No solo-story blocker.
../pokefirered/src/battle_script_commands.c,../pokefirered/include/battle_script_commands.h,global.h;gflib.h;item.h;util.h;random.h;pokedex.h;money.h;pokemon_icon.h;mail.h;event_data.h;strings.h;pokemon_special_anim.h;pokemon_storage_system.h;pokemon_summary_screen.h;task.h;naming_screen.h;overworld.h;party_menu.h;trainer_pokemon_sprites.h;field_specials.h;battle.h;battle_message.h;battle_anim.h;battle_ai_script_commands.h;battle_scripts.h;reshow_battle_screen.h;battle_controllers.h;battle_interface.h;constants/battle_anim.h;constants/battle_move_effects.h;constants/battle_script_commands.h;constants/items.h;constants/hold_effects.h;constants/songs.h;constants/moves.h;constants/abilities.h;constants/pokemon.h;constants/maps.h,9886,,PORTADO_EN_STATUS,DOC_PORTED_REVIEW_SCOPE,12,AI_CalcDmg;TypeCalc;AI_TypeCalc;GetBattlerTurnOrderNum;SetMoveEffect;IsMonGettingExpSentOut;BattleDestroyYesNoCursorAt;BattleCreateYesNoCursorAt;BufferMoveToLearnIntoBattleTextBuff2;HandleBattleWindow;UproarWakeUpCheck;d,12,,
../pokefirered/src/battle_setup.c,../pokefirered/include/battle_setup.h,global.h;task.h;help_system.h;overworld.h;item.h;sound.h;pokemon.h;load_save.h;safari_zone.h;quest_log.h;script.h;script_pokemon_util.h;strings.h;string_util.h;event_data.h;event_object_movement.h;metatile_behavior.h;event_scripts.h;fldeff.h;fieldmap.h;field_control_avatar.h;field_player_avatar.h;field_screen_effect.h;field_message_box.h;vs_seeker.h;battle.h;battle_transition.h;battle_controllers.h;constants/battle_setup.h;constants/event_objects.h;constants/items.h;constants/maps.h;constants/songs.h;constants/pokemon.h;constants/trainers.h,1070,src/fr/battle/battleSetup.ts,CANDIDATO_TS_MISMO_NOMBRE,UNREVIEWED,30,StartWildBattle;StartRoamerBattle;StartOldManTutorialBattle;StartScriptedWildBattle;StartMarowakBattle;StartSouthernIslandBattle;StartLegendaryBattle;StartGroudonKyogreBattle;StartRegiBattle;BattleSetup_GetTerrainId;BattleSetup_GetBattleTowerBattleTransition;BattleSetup_ConfigureTrainerBattle;ConfigureAndSetUpOneTrainerBattle;GetTrainerFlagFromScriptPointer;SetUpTrainerMovement;GetTrainerBattleMode;GetRivalBattleFlags;SetBattledTrainerFlag;HasTrainerBeenFought;SetTrainerFlag;ClearTrainerFlag;StartTrainerBattle;StartRematchBattle;ShowTrainerIntroSpeech;BattleSetup_GetScriptAddrAfterBattle;BattleSetup_GetTrainerPostBattleScript;ShowTrainerCantBattleSpeech;PlayTrainerEncounterMusic;GetTrainerALoseText;GetTrainerWonSpeech,20,StartScriptedWildBattle;BattleSetup_GetBattleTowerBattleTransition;ConfigureAndSetUpOneTrainerBattle;GetTrainerFlagFromScriptPointer;HasTrainerBeenFought;SetTrainerFlag;ClearTrainerFlag;StartTrainerBattle;BattleSetup_GetScriptAddrAfterBattle;BattleSetup_GetTrainerPostBattleScript,
../pokefirered/src/battle_tower.c,../pokefirered/include/battle_tower.h,global.h;battle_tower.h;random.h;text.h;event_data.h;string_util.h;battle_message.h;data.h;pokedex.h;overworld.h;battle_transition.h;easy_chat.h;battle_setup.h;battle_main.h;task.h;battle.h;party_menu.h;new_game.h;save.h;item.h;script_pokemon_util.h;constants/items.h;constants/moves.h;constants/pokemon.h;constants/event_objects.h;data/battle_tower/level_50_mons.h;data/battle_tower/level_100_mons.h,1425,,SIN_MAPEO_NOMBRE_REVISAR,UNREVIEWED,8,ClearEReaderTrainer;ValidateEReaderTrainer;GetBattleTowerTrainerFrontSpriteId;GetEreaderTrainerFrontSpriteId;CopyEReaderTrainerName5;GetBattleTowerTrainerName;GetEreaderTrainerClassId;GetBattleTowerTrainerClassNameId,1,ClearEReaderTrainer;GetBattleTowerTrainerFrontSpriteId;GetEreaderTrainerFrontSpriteId;CopyEReaderTrainerName5;GetBattleTowerTrainerName;GetEreaderTrainerClassId;GetBattleTowerTrainerClassNameId,
../pokefirered/src/battle_transition.c,../pokefirered/include/battle_transition.h,global.h;sprite.h;task.h;overworld.h;malloc.h;palette.h;trig.h;random.h;sound.h;decompress.h;gpu_regs.h;battle_transition.h;field_effect.h;field_weather.h;field_camera.h;trainer_pokemon_sprites.h;scanline_effect.h;event_object_movement.h;constants/songs.h,3037,,SIN_MAPEO_NOMBRE_REVISAR,DOC_PENDING,3,IsBattleTransitionDone;BattleTransition_StartOnField;FldEff_PokeballTrail,0,IsBattleTransitionDone;BattleTransition_StartOnField;FldEff_PokeballTrail,
../pokefirered/src/battle_util.c,../pokefirered/include/battle_util.h,global.h;item.h;text.h;util.h;link.h;berry.h;random.h;pokemon.h;string_util.h;field_weather.h;event_data.h;battle.h;battle_anim.h;battle_scripts.h;battle_message.h;constants/battle_anim.h;battle_controllers.h;battle_ai_script_commands.h;constants/battle.h;constants/moves.h;constants/items.h;constants/weather.h;constants/abilities.h;constants/pokemon.h;constants/hold_effects.h;constants/battle_move_effects.h;constants/battle_script_commands.h,3252,,PORTADO_EN_STATUS,DOC_PORTED_REVIEW_SCOPE,35,GetBattlerForBattleScript;PressurePPLose;PressurePPLoseOnUsingImprison;PressurePPLoseOnUsingPerishSong;MarkBattlerForControllerExec;MarkBattlerReceivedLinkData;CancelMultiTurnMoves;WasUnableToUseMove;PrepareStringBattle;ResetSentPokesToOpponentValue;OpponentSwitchInResetSentPokesToOpponentValue;UpdateSentPokesToOpponentValue;BattleScriptPush;BattleScriptPushCursor;BattleScriptPop;TrySetCantSelectMoveBattleScript;CheckMoveLimitations;AreAllMovesUnusable;GetImprisonedMovesCount;DoFieldEndTurnEffects;DoBattlerEndTurnEffects;HandleWishPerishSongOnTurnEnd;HandleFaintedMonActions;TryClearRageStatuses;AtkCanceller_UnableToUseMove;HasNoMonsToSwitch;CastformDataTypeChange;AbilityBattleEffects;BattleScriptExecute;BattleScriptPushCursorAndCallback;ItemBattleEffects;ClearFuryCutterDestinyBondGrudge;HandleAction_RunBattleScript;GetMoveTarget;IsMonDisobedient,34,MarkBattlerReceivedLinkData,
../pokefirered/src/battle_util2.c,../pokefirered/include/battle_util2.h,global.h;bg.h;battle.h;battle_anim.h;malloc.h;pokemon.h;trainer_tower.h,108,,SIN_MAPEO_NOMBRE_REVISAR,DOC_PARTIAL_OR_ADAPTED,3,AllocateBattleResources;FreeBattleResources;AdjustFriendshipOnBattleFaint,1,AllocateBattleResources;FreeBattleResources,AdjustFriendshipOnBattleFaint is directly represented in pokemon/mon_extra.ts with the same double-battle opponent selection and >29-level threshold. Battle resources are represented by preallocated/reset TS structures and animation buffers rather than C heap allocation. The distinct Trainer Tower battle-struct setup/free calls have no TS counterpart yet; mark partial. Source review only.
../pokefirered/src/berry.c,../pokefirered/include/berry.h,global.h;berry.h;text.h;constants/items.h,1028,,SIN_MAPEO_NOMBRE_REVISAR,UNREVIEWED,6,ClearEnigmaBerries;SetEnigmaBerry;IsEnigmaBerryValid;GetBerryInfo;ItemIdToBerryType;GetBerryNameByBerryType,1,ClearEnigmaBerries;SetEnigmaBerry;GetBerryInfo;ItemIdToBerryType;GetBerryNameByBerryType,
../pokefirered/src/berry_crush.c,../pokefirered/include/berry_crush.h,global.h;gflib.h;battle_anim.h;berry.h;berry_crush.h;berry_pouch.h;berry_powder.h;decompress.h;digit_obj_util.h;dynamic_placeholder_text_util.h;graphics.h;item.h;item_menu.h;item_menu_icons.h;link.h;link_rfu.h;list_menu.h;math_util.h;menu.h;minigame_countdown.h;new_menu_helpers.h;overworld.h;random.h;save.h;scanline_effect.h;script.h;strings.h;task.h;text_window.h;trig.h;constants/songs.h;constants/items.h,3488,,FUERA_DE_ALCANCE_CANDIDATO,OUT_OF_SCOPE_DOCUMENTED,2,StartBerryCrush;ShowBerryCrushRankings,1,StartBerryCrush,
../pokefirered/src/berry_fix_program.c,../pokefirered/include/berry_fix_program.h,global.h;gpu_regs.h;multiboot.h;graphics.h;main.h;sprite.h;task.h;scanline_effect.h;help_system.h;m4a.h,203,,SIN_MAPEO_NOMBRE_REVISAR,OUT_OF_SCOPE_DOCUMENTED,1,CB2_InitBerryFixProgram,0,CB2_InitBerryFixProgram,"Implements the title-screen Berry Fix utility that uploads a 0x3BF4 multiboot program to a connected GBA over hardware link, including connection/retry states and transfer completion. Requires GBA multiboot/link hardware and repairs cross-cartridge berry glitches; no single-player web path."
../pokefirered/src/berry_pouch.c,../pokefirered/include/berry_pouch.h,global.h;malloc.h;bg.h;decompress.h;gpu_regs.h;palette.h;text.h;berry_pouch.h;item_menu.h;menu_helpers.h;new_menu_helpers.h;scanline_effect.h;item_menu_icons.h;list_menu.h;graphics.h;berry.h;item.h;item_use.h;party_menu.h;text_window.h;strings.h;string_util.h;sound.h;link.h;money.h;shop.h;menu.h;menu_indicators.h;pokemon_storage_system.h;constants/items.h;constants/songs.h;constants/quest_log.h,1529,src/fr/berryPouch.ts,CANDIDATO_TS_MISMO_NOMBRE,UNREVIEWED,6,BerryPouch_StartFadeToExitCallback;BerryPouch_SetExitCallback;InitBerryPouch;DisplayItemMessageInBerryPouch;Task_BerryPouch_DestroyDialogueWindowAndRefreshListMenu;BerryPouch_CursorResetToTop,6,,
../pokefirered/src/berry_powder.c,../pokefirered/include/berry_powder.h,global.h;event_data.h;load_save.h;menu.h;palette.h;quest_log.h;script_menu.h;string_util.h;strings.h;text.h;text_window.h,133,,SIN_MAPEO_NOMBRE_REVISAR,DOC_PARTIAL_OR_ADAPTED,4,GetBerryPowder;SetBerryPowder;ApplyNewEncryptionKeyToBerryPowder;GiveBerryPowder,0,GetBerryPowder;SetBerryPowder;ApplyNewEncryptionKeyToBerryPowder;GiveBerryPowder,"Script_HasEnoughBerryPowder, Script_TakeBerryPowder, GetBerryPowder and vendor display/removal are represented in specialsExtra.ts using plain save. Missing C parity: GiveBerryPowder with 99999 cap, encryption-key rewrap, and the original 8x3 standard-frame window placement/lifecycle. Acquisition is through Berry Crush, a link minigame not implemented."
../pokefirered/src/bg.c,../pokefirered/include/bg.h,limits.h;global.h;bg.h;dma3.h;gpu_regs.h,1215,src/fr/battle/bg.ts;src/fr/hw/bg.ts,CANDIDATO_TS_MISMO_NOMBRE,UNREVIEWED,47,ResetBgs;GetBgMode;ResetBgControlStructs;Unused_ResetBgControlStruct;SetBgControlAttributes;GetBgControlAttribute;LoadBgVram;SetTextModeAndHideBgs;IsInvalidBg;BgTileAllocOp;ResetBgsAndClearDma3BusyFlags;InitBgsFromTemplates;InitBgFromTemplate;SetBgMode;LoadBgTiles;LoadBgTilemap;Unused_LoadBgPalette;IsDma3ManagerBusyWithBgCopy;ShowBg;HideBg;SetBgAttribute;GetBgAttribute;ChangeBgX;GetBgX;ChangeBgY;ChangeBgY_ScreenOff;GetBgY;SetBgAffine;AdjustBgMosaic;SetBgTilemapBuffer;UnsetBgTilemapBuffer;GetBgTilemapBuffer;CopyToBgTilemapBuffer;CopyBgTilemapBufferToVram;CopyToBgTilemapBufferRect;CopyToBgTilemapBufferRect_ChangePalette;CopyRectToBgTilemapBufferRect;FillBgTilemapBufferRect_Palette0;FillBgTilemapBufferRect;WriteSequenceToBgTilemapBuffer;GetBgMetricTextMode;GetBgMetricAffineMode;GetTileMapIndexFromCoords;CopyTileMapEntry;GetBgType;IsInvalidBg32;IsTileMapOutsideWram,40,Unused_ResetBgControlStruct;IsInvalidBg;SetBgMode;Unused_LoadBgPalette;ChangeBgY_ScreenOff;IsInvalidBg32;IsTileMapOutsideWram,
../pokefirered/src/bg_regs.c,../pokefirered/include/bg_regs.h,global.h,53,,SIN_MAPEO_NOMBRE_REVISAR,DOC_PARTIAL_OR_ADAPTED,0,,0,,"Defines BG register offsets and BLDCNT/DISPCNT flag arrays. The TS PPU exposes the register constants, but no equivalent shared arrays; the only active C use is overworld BLDCNT blending, and the current field renderer is Canvas2D, so this hardware setup is not connected there. Classify as partial/adapted; this is not an isolated progression gate."
../pokefirered/src/bike.c,../pokefirered/include/bike.h,global.h;bike.h;field_player_avatar.h;metatile_behavior.h;event_object_movement.h;fieldmap.h;field_camera.h;overworld.h;constants/map_types.h;constants/songs.h,418,,SIN_MAPEO_NOMBRE_REVISAR,DOC_PARTIAL_OR_ADAPTED,10,BikeClearState;IsBikingDisallowedByPlayer;GetOnOffBike;GetPlayerSpeed;RS_IsRunningDisallowed;MovePlayerOnBike;IsRunningDisallowed;Bike_HandleBumpySlopeJump;Bike_UpdateBikeCounterSpeed;IsPlayerNotUsingAcroBikeOnBumpySlope,3,BikeClearState;GetPlayerSpeed;RS_IsRunningDisallowed;IsRunningDisallowed;Bike_HandleBumpySlopeJump;Bike_UpdateBikeCounterSpeed;IsPlayerNotUsingAcroBikeOnBumpySlope,"Core Mach/Acro movement input/transitions, rail constraints, collision rules, cycling road, bike toggling/music and speed checks are embedded in field/playerAvatar.ts. No matching bumpy-slope Acro jump handler or bike direction/history reset/counter APIs found; older RS helper is irrelevant. Source flow review only; no bike route playthrough."
../pokefirered/src/blend_palette.c,../pokefirered/include/blend_palette.h,global.h;blend_palette.h;palette.h,46,,SIN_MAPEO_NOMBRE_REVISAR,DOC_PORTED_REVIEW_SCOPE,2,BlendPalette;BlendPalettesAt,2,,"BlendPalette already maps to src/fr/hw/palette.ts. Added BlendPalettesAt over the passed Uint16Array, including the coefficient-16 fill path and C u32 multiplication semantics. npm run check:port passes; no runtime comparison or weather visual verification was run."
../pokefirered/src/blit.c,../pokefirered/include/blit.h,global.h;blit.h,212,,SIN_MAPEO_NOMBRE_REVISAR,DOC_PORTED_REVIEW_SCOPE,5,BlitBitmapRect4BitWithoutColorKey;BlitBitmapRect4Bit;FillBitmapRect4Bit;BlitBitmapRect4BitTo8Bit;FillBitmapRect8Bit,2,BlitBitmapRect4BitWithoutColorKey;BlitBitmapRect4BitTo8Bit;FillBitmapRect8Bit,"4bpp tiled-address blits with/without color key and 4bpp fill already map to hw/window.ts. Added source-equivalent BlitBitmapRect4BitTo8Bit (palette offset/color-key conversion), FillBitmapRect8Bit, and BlitBitmapRect4BitWithoutColorKey. npm run check:port passes. The caller wrappers and full 8bpp window lifecycle are handled separately in window_8bpp.c. No pixel/runtime comparison was run."
../pokefirered/src/braille_text.c,,global.h;main.h;window.h;text.h;sound.h,212,,SIN_MAPEO_NOMBRE_REVISAR,DOC_PARTIAL_OR_ADAPTED,0,,0,,"The exported Braille font exists, but commands.ts routes braillemessage through the ordinary field message printer and computes getbraillestringwidth at 8 px per character. C uses 16 px custom glyphs, decompression, scroll distances and dedicated wait/auto-scroll/audio states. Sevii Braille clues remain visually and temporally unported; optional clue fidelity, not core progression. Source review only; no browser check."
../pokefirered/src/buy_menu_helpers.c,,global.h;task.h;text.h;window.h;text_window.h;money.h;menu_helpers.h;new_menu_helpers.h;menu.h;shop.h;palette.h,205,,SIN_MAPEO_NOMBRE_REVISAR,DOC_PARTIAL_OR_ADAPTED,0,,0,,"BuyMenuInitWindows normal/TM templates, money box, 3 text color palettes, callback task message, normal/thin quantity borders, and purchase yes/no callback are not implemented as a shared API. menus/shopMenu.ts has buy/sell/quantity/confirm transactions using Canvas windows and shared ListMenu, but not the source layout, split TM-sale layout, money box frame or callback pacing. Mark partial."
../pokefirered/src/cable_car_util.c,,global.h,38,,SIN_MAPEO_NOMBRE_REVISAR,OUT_OF_SCOPE_DOCUMENTED,0,,0,,"The entire file contains only two static tilemap fill/copy helpers; repository-wide source search found no call sites. Cable Car specials are registered as NullFieldSpecial. There is no executable single-player behavior from this module to port; classification is limited to these unreachable utilities, not a claim about general tilemap parity."
../pokefirered/src/cable_club.c,../pokefirered/include/cable_club.h,global.h;gflib.h;battle.h;battle_records.h;cable_club.h;event_data.h;event_scripts.h;field_message_box.h;field_weather.h;link.h;load_save.h;m4a.h;mystery_gift.h;new_menu_helpers.h;overworld.h;quest_log.h;script.h;script_pokemon_util.h;start_menu.h;strings.h;task.h;trade.h;trainer_card.h;union_room.h;constants/songs.h;constants/cable_club.h;constants/field_weather.h;constants/maps.h,1036,,SIN_MAPEO_NOMBRE_REVISAR,UNREVIEWED,4,Task_WaitForLinkPlayerConnection;CreateTask_ReestablishCableClubLink;CB2_ReturnFromCableClubBattle;GetSeeingLinkPlayerCardMsg,0,Task_WaitForLinkPlayerConnection;CreateTask_ReestablishCableClubLink;CB2_ReturnFromCableClubBattle;GetSeeingLinkPlayerCardMsg,
../pokefirered/src/cereader_tool.c,../pokefirered/include/cereader_tool.h,global.h;gflib.h;util.h;save.h;cereader_tool.h,97,,SIN_MAPEO_NOMBRE_REVISAR,OUT_OF_SCOPE_DOCUMENTED,4,ValidateTrainerTowerData;CEReaderTool_SaveTrainerTower;CEReaderTool_LoadTrainerTower;ReadTrainerTowerAndValidate,1,ValidateTrainerTowerData;CEReaderTool_SaveTrainerTower;CEReaderTool_LoadTrainerTower,"Validates and saves Trainer Tower floor sets transferred through the e-Reader/link-card screen into two special save sectors. ReadTrainerTowerAndValidate is explicitly stubbed to FALSE in FireRed, so imported challenge sets are not available to single-player Trainer Tower; built-in tower content is a separate system. Excludes only card-transfer/storage integration."
../pokefirered/src/clear_save_data_screen.c,../pokefirered/include/clear_save_data_screen.h,global.h;gflib.h;menu.h;save.h;strings.h;task.h;text_window.h;constants/songs.h,208,,SIN_MAPEO_NOMBRE_REVISAR,DOC_PORTED_REVIEW_SCOPE,1,CB2_SaveClearScreen_Init,1,,"The ClearSaveScreen class mirrors C's task states for fade-out, BG/window/frame/text setup, yes/no menu, destructive ClearSaveData, fade-out and cleanup/reset handoff. The web reset sets done and lets startup take over instead of reloading hardware; source code is mapped, runtime/visual comparison not performed in this pass."
../pokefirered/src/coins.c,../pokefirered/include/coins.h,global.h;gflib.h;string_util.h;menu.h;text_window.h;strings.h;constants/coins.h,98,,SIN_MAPEO_NOMBRE_REVISAR,SMALL_AUDIT_FIX_APPLIED_UNVERIFIED,7,PrintCoinsString;ShowCoinsWindow;HideCoinsWindow;GetCoins;SetCoins;AddCoins;RemoveCoins,0,PrintCoinsString;ShowCoinsWindow;HideCoinsWindow;GetCoins;SetCoins;AddCoins;RemoveCoins,"Balance/display represented in save.coins, pokemon/items.ts and menus/scriptMenu.ts; AddCoins cap behavior corrected in items.ts to clamp and succeed when below cap (u16 argument); verification pending."
../pokefirered/src/coord_event_weather.c,../pokefirered/include/coord_event_weather.h,global.h;constants/weather.h,49,,SIN_MAPEO_NOMBRE_REVISAR,DOC_PORTED_REVIEW_SCOPE,1,DoCoordEventWeather,0,DoCoordEventWeather,"Source explicitly states these weather coordinate callbacks were dummied out; all 13 callbacks are empty and DoCoordEventWeather only dispatches one. Their observable effect is a no-op, so no TS counterpart is required. Field climate effects implemented elsewhere are tracked separately."
../pokefirered/src/credits.c,../pokefirered/include/credits.h,global.h;gflib.h;credits.h;task.h;overworld.h;event_data.h;new_menu_helpers.h;decompress.h;graphics.h;strings.h;trainer_pokemon_sprites.h;menu.h;field_weather.h;quest_log.h;constants/maps.h;constants/field_weather.h;constants/sound.h,1446,,SIN_MAPEO_NOMBRE_REVISAR,UNREVIEWED,0,,0,,
../pokefirered/src/data.c,../pokefirered/include/data.h,global.h;gflib.h;battle.h;data.h;graphics.h;constants/items.h;constants/moves.h;constants/battle_ai.h;constants/trainers.h;data/pokemon_graphics/front_pic_coordinates.h;data/pokemon_graphics/front_pic_table.h;data/pokemon_graphics/back_pic_coordinates.h;data/pokemon_graphics/back_pic_table.h;data/pokemon_graphics/palette_table.h;data/pokemon_graphics/shiny_palette_table.h;data/trainer_graphics/front_pic_anims.h;data/trainer_graphics/front_pic_tables.h;data/trainer_graphics/back_pic_anims.h;data/trainer_graphics/back_pic_tables.h;data/pokemon_graphics/enemy_mon_elevation.h;data/trainer_parties.h;data/text/trainer_class_names.h;data/trainers.h;data/text/species_names.h;data/text/move_names.h,305,,SIN_MAPEO_NOMBRE_REVISAR,DOC_PORTED_REVIEW_SCOPE,0,,0,,"This translation unit contains tables/data definitions, not gameplay functions. The exporter emits its sprite frames, affine animations, species/trainer graphics tables and names into public/fr/cdata/data.json plus incbin packs; representative definitions were confirmed and TS consumers exist in battle/anim.ts, pokemon/pics.ts, battle/gfx_sfx_util.ts and oakSpeech.ts. Generated artifacts are source-derived, not hand-copied. Source/data mapping review only; no pixel parity run."
../pokefirered/src/daycare.c,../pokefirered/include/daycare.h,global.h;gflib.h;data.h;battle.h;constants/items.h;mail_data.h;pokemon_storage_system.h;event_data.h;random.h;constants/moves.h;menu.h;new_menu_helpers.h;script.h;strings.h;party_menu.h;list_menu.h;overworld.h;pokedex.h;decompress.h;constants/songs.h;text_window.h;trig.h;m4a.h;graphics.h;scanline_effect.h;naming_screen.h;help_system.h;field_fadetransition.h;trade.h;constants/daycare.h;constants/region_map_sections.h;data/pokemon/egg_moves.h,2155,src/fr/pokemon/daycare.ts,CANDIDATO_TS_MISMO_NOMBRE,UNREVIEWED,24,GetMonNick;GetBoxMonNick;CountPokemonInDaycare;InitDaycareMailRecordMixing;StoreSelectedPokemonInDaycare;TakePokemonFromDaycare;GetDaycareCost;GetNumLevelsGainedFromDaycare;TriggerPendingDaycareEgg;RejectEggFromDayCare;CreateEgg;GiveEggFromDaycare;DoEggActions_CheckHatch;GetSelectedMonNickAndSpecies;GetDaycareMonNicknames;GetDaycareState;SetDaycareCompatibilityString;NameHasGenderSymbol;ShowDaycareLevelMenu;ChooseSendDaycareMon;ScriptHatchMon;EggHatch;GetEggStepsToSubtract;ShouldEggHatch,15,GetMonNick;GetBoxMonNick;CountPokemonInDaycare;InitDaycareMailRecordMixing;CreateEgg;DoEggActions_CheckHatch;GetSelectedMonNickAndSpecies;NameHasGenderSymbol;GetEggStepsToSubtract,
../pokefirered/src/decompress.c,../pokefirered/include/decompress.h,global.h;gflib.h;decompress.h;pokemon.h,352,,SIN_MAPEO_NOMBRE_REVISAR,DOC_PARTIAL_OR_ADAPTED,17,LZDecompressWram;LZDecompressVram;LoadCompressedSpriteSheet;LoadCompressedSpriteSheetOverrideBuffer;LoadCompressedSpriteSheetUsingHeap;LoadCompressedSpritePalette;LoadCompressedSpritePaletteOverrideBuffer;LoadCompressedSpritePaletteUsingHeap;DecompressPicFromTable;DecompressPicFromTable_2;DecompressPicFromTable_DontHandleDeoxys;HandleLoadSpecialPokePic;HandleLoadSpecialPokePic_DontHandleDeoxys;LoadSpecialPokePic;LoadSpecialPokePic_2;LoadSpecialPokePic_DontHandleDeoxys;GetDecompressedDataSize,7,LZDecompressWram;LoadCompressedSpriteSheetOverrideBuffer;LoadCompressedSpritePaletteOverrideBuffer;LoadCompressedSpritePaletteUsingHeap;DecompressPicFromTable_2;DecompressPicFromTable_DontHandleDeoxys;HandleLoadSpecialPokePic;HandleLoadSpecialPokePic_DontHandleDeoxys;LoadSpecialPokePic_2;GetDecompressedDataSize,"Exported graphics are already decompressed; LZ wrapper calls are unnecessary in web. Pokémon picture selection plus Unown, Deoxys duplication and Spinda spots are implemented in pokemon/pics.ts and consumers. Compressed sprite-sheet/palette override/heap variants and GetDecompressedDataSize have no direct equivalent; StitchObjectsOn8x8Canvas is static and has no callers in this decomp. Marked partial; no pixel comparison."
../pokefirered/src/decoration.c,../pokefirered/include/decoration.h,global.h;decoration.h;constants/decorations.h;data/decoration/tiles.h;data/decoration/description.h;data/decoration/header.h,7,,SIN_MAPEO_NOMBRE_REVISAR,DOC_PARTIAL_OR_ADAPTED,0,,0,,"This compilation unit includes the decoration metadata tables; the exporter emits public/fr/cdata/decoration.json. No active TS code consumes that table, while adddecoration/removedecoration/bufferdecorationname script handlers are currently operand-skipping adapters. Optional room-decoration storage/placement is not ported; not a core single-player progression blocker."
../pokefirered/src/digit_obj_util.c,../pokefirered/include/digit_obj_util.h,global.h;gflib.h;decompress.h;digit_obj_util.h,451,,SIN_MAPEO_NOMBRE_REVISAR,DOC_PARTIAL_OR_ADAPTED,6,DigitObjUtil_Init;DigitObjUtil_Free;DigitObjUtil_CreatePrinter;DigitObjUtil_PrintNumOn;DigitObjUtil_DeletePrinter;DigitObjUtil_HideOrShow,0,DigitObjUtil_Init;DigitObjUtil_Free;DigitObjUtil_CreatePrinter;DigitObjUtil_PrintNumOn;DigitObjUtil_DeletePrinter;DigitObjUtil_HideOrShow,"DigitObjUtil formats values as GBA object sprites with leading-zero/minus placement, OAM allocation/reuse, tile/palette sharing and hide/show. Callers are Berry Crush and Pokemon Jump only; no equivalent digit-object printer found. Their optional minigame screen fidelity is separately incomplete. Marked partial; not required for main story route."
../pokefirered/src/diploma.c,../pokefirered/include/diploma.h,global.h;gflib.h;dynamic_placeholder_text_util.h;menu.h;new_menu_helpers.h;overworld.h;pokedex.h;scanline_effect.h;strings.h;task.h;constants/sound.h,275,src/fr/diploma.ts,CANDIDATO_TS_MISMO_NOMBRE,DOC_PARTIAL_OR_ADAPTED,1,CB2_ShowDiploma,1,,"The diploma screen maps C init/gfx/text/fade/fanfare/input states and uses exported C assets/data. Added the missing ScanlineEffect_Stop from DiplomaReset. Return still adapts CB2_ReturnToFieldFromDiploma/FieldCB_WarpExitFadeFromBlack to fieldCBContinueScript, so field-exit transition is not yet source-equivalent. npm run check:port passed; no browser/visual check."
../pokefirered/src/dma3_manager.c,,global.h;dma3.h,182,,SIN_MAPEO_NOMBRE_REVISAR,DOC_PARTIAL_OR_ADAPTED,0,,0,,"The 128-entry ordered DMA3 queue, 40KiB/VBlank budget, 16/32-bit copy/fill requests and request wait APIs are not implemented. BG/tilemap copy helpers write immediately in TS, and IsDma3ManagerBusyWithBgCopy returns false; existing callers therefore use immediate-copy semantics. This is a frame/timing fidelity gap, not missing copied data in the common path."
../pokefirered/src/dodrio_berry_picking.c,../pokefirered/include/dodrio_berry_picking.h,global.h;gflib.h;dodrio_berry_picking.h;dynamic_placeholder_text_util.h;event_data.h;item.h;link.h;link_rfu.h;m4a.h;menu.h;minigame_countdown.h;new_menu_helpers.h;random.h;save.h;script.h;strings.h;task.h;text_window.h;text_window_graphics.h;constants/songs.h;constants/sound.h;constants/items.h,4954,,FUERA_DE_ALCANCE_CANDIDATO,OUT_OF_SCOPE_DOCUMENTED,12,ALIGNED;StartDodrioBerryPicking;ShowDodrioBerryPickingRecords;IsDodrioInParty;SendPacket_ReadyToStart;RecvPacket_ReadyToStart;SendPacket_GameState;RecvPacket_GameState;SendPacket_PickState;RecvPacket_PickState;SendPacket_ReadyToEnd;RecvPacket_ReadyToEnd,2,ALIGNED;StartDodrioBerryPicking;SendPacket_ReadyToStart;RecvPacket_ReadyToStart;SendPacket_GameState;RecvPacket_GameState;SendPacket_PickState;RecvPacket_PickState;SendPacket_ReadyToEnd;RecvPacket_ReadyToEnd,
../pokefirered/src/dodrio_berry_picking_comm.c,,global.h;dodrio_berry_picking.h;link.h;link_rfu.h,274,,FUERA_DE_ALCANCE_CANDIDATO,OUT_OF_SCOPE_DOCUMENTED,0,,0,,
../pokefirered/src/dynamic_placeholder_text_util.c,../pokefirered/include/dynamic_placeholder_text_util.h,global.h;gflib.h;constants/event_objects.h,137,,SIN_MAPEO_NOMBRE_REVISAR,DOC_PARTIAL_OR_ADAPTED,5,DynamicPlaceholderTextUtil_Reset;DynamicPlaceholderTextUtil_SetPlaceholderPtr;DynamicPlaceholderTextUtil_ExpandPlaceholders;DynamicPlaceholderTextUtil_GetPlaceholderPtr;GetColorFromTextColorTable,3,DynamicPlaceholderTextUtil_GetPlaceholderPtr;GetColorFromTextColorTable,"The packed NPC text-color table is exported and used by field/messageBox.ts; GetColorFromTextColorTable behavior is applied there. Dynamic 0xF7 placeholder handling is implemented locally in pokemonSummaryScreen.ts and diploma.ts, but the shared reset/set/get/expand API is not ported or unified. Other C callers include storage, link and optional mini-game screens, several of which remain adapters/out of scope. Partial; source review only."
../pokefirered/src/easy_chat.c,../pokefirered/include/easy_chat.h,global.h;gflib.h;data.h;easy_chat.h;event_data.h;field_message_box.h;mystery_gift.h;menu.h;mail.h;pokedex.h;random.h;strings.h;constants/easy_chat.h;data/easy_chat/easy_chat_groups.h;data/easy_chat/easy_chat_words_by_letter.h,730,,SIN_MAPEO_NOMBRE_REVISAR,DOC_PENDING,40,CopyEasyChatWord;ConvertEasyChatWordsToString;EC_DoesEasyChatStringFitOnLine;InitQuestionnaireWords;InitEasyChatPhrases;EnableRareWord;InitEasyChatSelection;DestroyEasyChatSelectionData;GetSelectedGroupByIndex;GetUnlockedECWords;GetDisplayedWordByIndex;GetNumDisplayedWords;GetEasyChatWordGroupName;CopyEasyChatWordPadded;DoEasyChatScreen;GetNumDisplayableGroups;InitEasyChatGraphicsWork;LoadEasyChatGraphics;DestroyEasyChatGraphicsResources;EasyChatInterfaceCommand_Setup;EasyChatInterfaceCommand_Run;GetEasyChatScreenFrameId;GetTitleText;GetEasyChatWordBuffer;GetNumRows;GetNumColumns;GetMainCursorColumn;GetMainCursorRow;GetEasyChatInstructionsText;GetEasyChatConfirmText;GetEasyChatConfirmCancelText;GetEasyChatConfirmDeletionText;GetECSelectGroupCursorCoords;IsEasyChatAlphaMode;GetECSelectGroupRowsAbove;GetECSelectWordCursorCoords;GetECSelectWordRowsAbove;GetECSelectWordNumRows;ShouldDrawECUpArrow;ShouldDrawECDownArrow,2,EC_DoesEasyChatStringFitOnLine;InitQuestionnaireWords;InitEasyChatPhrases;EnableRareWord;InitEasyChatSelection;DestroyEasyChatSelectionData;GetSelectedGroupByIndex;GetUnlockedECWords;GetDisplayedWordByIndex;GetNumDisplayedWords;GetEasyChatWordGroupName;CopyEasyChatWordPadded;DoEasyChatScreen;GetNumDisplayableGroups;InitEasyChatGraphicsWork;LoadEasyChatGraphics;DestroyEasyChatGraphicsResources;EasyChatInterfaceCommand_Setup;EasyChatInterfaceCommand_Run;GetEasyChatScreenFrameId;GetTitleText;GetEasyChatWordBuffer;GetNumRows;GetNumColumns;GetMainCursorColumn;GetMainCursorRow;GetEasyChatInstructionsText;GetEasyChatConfirmText;GetEasyChatConfirmCancelText;GetEasyChatConfirmDeletionText;GetECSelectGroupCursorCoords;IsEasyChatAlphaMode;GetECSelectGroupRowsAbove;GetECSelectWordCursorCoords;GetECSelectWordRowsAbove;GetECSelectWordNumRows;ShouldDrawECUpArrow;ShouldDrawECDownArrow,
../pokefirered/src/easy_chat_2.c,,global.h;gflib.h;easy_chat.h;event_data.h;menu.h;mystery_gift.h;overworld.h;strings.h;task.h;constants/songs.h,1363,,SIN_MAPEO_NOMBRE_REVISAR,DOC_PENDING,0,,0,,
../pokefirered/src/easy_chat_3.c,,global.h;gflib.h;keyboard_text.h;decompress.h;easy_chat.h;graphics.h;menu.h;new_menu_helpers.h;strings.h;text_window.h,2316,,SIN_MAPEO_NOMBRE_REVISAR,DOC_PENDING,0,,0,,
../pokefirered/src/ereader_helpers.c,../pokefirered/include/ereader_helpers.h,global.h;link.h;ereader_helpers.h,406,,FUERA_DE_ALCANCE_CANDIDATO,OUT_OF_SCOPE_CANDIDATE,6,EReaderHelper_SerialCallback;EReaderHelper_Timer3Callback;EReaderHelper_SaveRegsState;EReaderHelper_ClearsSendRecvMgr;EReaderHelper_RestoreRegsState;EReaderHandleTransfer,0,EReaderHelper_SerialCallback;EReaderHelper_Timer3Callback;EReaderHelper_SaveRegsState;EReaderHelper_ClearsSendRecvMgr;EReaderHelper_RestoreRegsState;EReaderHandleTransfer,
../pokefirered/src/ereader_screen.c,,global.h;malloc.h;decompress.h;ereader_helpers.h;link.h;main.h;mystery_gift_menu.h;mystery_gift_client.h;save.h;sound.h;sprite.h;task.h;strings.h;util.h;cereader_tool.h;help_system.h;constants/songs.h,520,,FUERA_DE_ALCANCE_CANDIDATO,OUT_OF_SCOPE_CANDIDATE,0,,0,,
../pokefirered/src/event_data.c,../pokefirered/include/event_data.h,global.h;event_data.h;item_menu.h;quest_log.h,336,,SIN_MAPEO_NOMBRE_REVISAR,DOC_PARTIAL_OR_ADAPTED,27,InitEventData;ClearTempFieldEventData;ClearUpperFlags;DisableNationalPokedex;EnableNationalPokedex;IsNationalPokedexEnabled;DisableMysteryEvent;EnableMysteryEvent;IsMysteryEventEnabled;DisableMysteryGift;EnableMysteryGift;IsMysteryGiftEnabled;DisableResetRTC;EnableResetRTC;CanResetRTC;GetVarPointer;VarGet;VarSet;VarGetObjectEventGraphicsId;GetFlagPointer;FlagSet;FlagClear;FlagGet;ResetSpecialVars;ClearMysteryGiftFlags;ClearMysteryGiftVars;EnableNationalPokedex_RSE,3,InitEventData;ClearUpperFlags;DisableNationalPokedex;DisableMysteryEvent;EnableMysteryEvent;IsMysteryEventEnabled;DisableMysteryGift;EnableMysteryGift;IsMysteryGiftEnabled;DisableResetRTC;EnableResetRTC;CanResetRTC;GetVarPointer;VarGet;VarSet;VarGetObjectEventGraphicsId;GetFlagPointer;FlagSet;FlagClear;FlagGet;ResetSpecialVars;ClearMysteryGiftFlags;ClearMysteryGiftVars;EnableNationalPokedex_RSE,"save.ts implements core var/flag storage, special vars, flags and ClearTempFieldEventData. specials.ts has National Dex enable/check behavior. Not implemented as this module's APIs: Quest Log flag/var record/playback filtering, ClearUpperFlags, Mystery Event/Gift and RTC reset control, ResetSpecialVars, Mystery Gift bulk clearing, and exact EventData initialization contract. No direct source API wrappers found for these optional features."
../pokefirered/src/event_object_lock.c,../pokefirered/include/event_object_lock.h,global.h;task.h;field_player_avatar.h;event_object_movement.h;script_movement.h;event_data.h;constants/event_objects.h,114,src/fr/script/commands.ts;src/fr/script/specials.ts;src/fr/field/playerAvatar.ts,SIN_MAPEO_NOMBRE_REVISAR,DOC_PORTED_REVIEW_SCOPE,7,IsFreezePlayerFinished;FreezeObjects_WaitForPlayer;IsFreezeSelectedObjectAndPlayerFinished;FreezeObjects_WaitForPlayerAndSelected;ClearPlayerHeldMovementAndUnfreezeObjectEvents;walkrun_is_standing_still;UnionRoom_UnlockPlayerAndChatPartner,1,IsFreezePlayerFinished;FreezeObjects_WaitForPlayer;IsFreezeSelectedObjectAndPlayerFinished;FreezeObjects_WaitForPlayerAndSelected;ClearPlayerHeldMovementAndUnfreezeObjectEvents;UnionRoom_UnlockPlayerAndChatPartner,"Main single-player behavior is represented: standing-still detection, lockall/lock selected waits, enforced facing, stopping the avatar, held-movement cleanup, script-movement unfreeze, Script_FacePlayer and Script_ClearHeldMovement. Union Room unlock helper is link-only and not used in this route. Source review only; no timing comparison was run."
../pokefirered/src/event_object_movement.c,../pokefirered/include/event_object_movement.h,global.h;gflib.h;event_data.h;event_object_movement.h;field_camera.h;field_control_avatar.h;field_effect.h;field_effect_helpers.h;field_player_avatar.h;fieldmap.h;metatile_behavior.h;overworld.h;quest_log.h;random.h;script.h;trainer_see.h;trig.h;constants/maps.h;constants/event_object_movement.h;constants/event_objects.h;constants/trainer_types.h;constants/union_room.h;data/object_events/object_event_graphics.h;data/object_events/object_event_graphics_info_pointers.h;data/field_effects/field_effect_object_template_pointers.h;data/object_events/object_event_pic_tables.h;data/object_events/object_event_anims.h;data/object_events/base_oam.h;data/object_events/object_event_subsprites.h;data/object_events/object_event_graphics_info.h;data/field_effects/field_effect_objects.h;data/object_events/movement_type_func_tables.h;data/object_events/movement_action_func_tables.h,9412,,SIN_MAPEO_NOMBRE_REVISAR,UNREVIEWED,144,void;GetObjectEventIdByLocalIdAndMap;TryGetObjectEventIdByLocalIdAndMap;GetObjectEventIdByXY;SetObjectEventDirection;RemoveObjectEventByLocalIdAndMap;GetBoulderRevealFlagByLocalIdAndMap;LoadPlayerObjectReflectionPalette;LoadSpecialObjectReflectionPalette;TryMoveObjectEventToMapCoords;PatchObjectPalette;SpawnObjectEventsOnReturnToField;GetMapCoordsFromSpritePos;GetFaceDirectionAnimNum;SetSpritePosToOffsetMapCoords;ObjectEventClearHeldMovement;ObjectEventClearHeldMovementIfActive;CreateVirtualObject;CreateObjectGraphicsSprite;TrySpawnObjectEvent;SpawnSpecialObjectEventParameterized;SpawnSpecialObjectEvent;CameraObjectReset1;CameraObjectReset2;ObjectEventSetGraphicsId;ObjectEventTurn;ObjectEventTurnByLocalIdAndMap;ObjectEventForceSetHeldMovement;GetObjectEventGraphicsInfo;SetObjectInvisibility;FreeAndReserveObjectSpritePalettes;SetObjectPositionByLocalIdAndMap;ResetObjectSubpriority;SetObjectSubpriority;ObjectEventGetLocalIdAndMap;ShiftObjectEventCoords;TryOverrideObjectEventTemplateCoords;UpdateObjectEventCurrentMovement;ObjectEventFaceOppositeDirection;GetOppositeDirection;GetWalkInPlaceFasterMovementAction;GetStepInPlaceDelay8AnimId;GetWalkInPlaceNormalMovementAction;GetWalkInPlaceSlowMovementAction;GetWalkInPlaceFastMovementAction;GetCollisionAtCoords;MoveCoords;ObjectEventIsHeldMovementActive;ObjectEventClearHeldMovementIfFinished;GetObjectEventIdByPosition;QL_UpdateObjectEventCurrentMovement;ObjectEventSetHeldMovement;ShiftStillObjectEventCoords;OverrideMovementTypeForObjectEvent;SetTrainerMovementType;GetFishingDirectionAnimNum;GetFishingNoCatchDirectionAnimNum;CreateFameCheckerObject;InitObjectEventPalettes;ObjectEventIsMovementOverridden;ObjectEventCheckHeldMovementStatus;GetWalkNormalMovementAction;GetWalkFastMovementAction;GetWalkFasterMovementAction;GetWalkSlowerMovementAction;GetTrainerFacingDirectionMovementType;GetFaceDirectionMovementAction;GetFaceDirectionFastMovementAction;CameraObjectSetFollowedObjectId;UnfreezeObjectEvents;GetSlideMovementAction;GetJumpInPlaceMovementAction;GetJumpMovementAction;GetJump2MovementAction;UpdateWalkSlowerAnim;SetJumpSpriteData;DoJumpSpriteMovement;DoJumpSpecialSpriteMovement;TurnVirtualObject;GetObjectEventScriptPointerByObjectEventId;GetFirstInactiveObjectEventId;GetCollisionFlagsAtCoords;OverrideTemplateCoordsForObjectEvent;CancelPlayerForcedMovement;FreezeObjectEvents;FreezeObjectEvent;UnfreezeObjectEvent;FreezeObjectEventsExceptOne;SetVirtualObjectGraphics;SetVirtualObjectInvisibility;IsVirtualObjectInvisible;SetVirtualObjectSpriteAnim;IsVirtualObjectAnimating;GetJumpSpecialMovementAction;EnableObjectGroundEffectsByXY;MoveObjectEventToMapCoords;CreateCopySpriteAt;GetObjectPaletteTag;SetSpritePosToMapCoords;UpdateObjectEventSpriteInvisibility;ElevationToPriority;ObjectEventUpdateElevation;SetObjectSubpriorityByElevation;CopyObjectGraphicsInfoToSpriteTemplate;AddCameraObject;UpdateObjectEventsForCameraUpdate;SpriteCB_VirtualObject;SetMovementDelay;WaitForMovementDelay;SetSpriteDataForNormalStep;NpcTakeStep;SetWalkSlowerSpriteData;SetWalkSlowestSpriteData;UpdateWalkSlowestAnim;SetWalkSlowSpriteData;UpdateWalkSlowAnim;DoShadowFieldEffect;SetRunSlowSpriteData;UpdateRunSlowAnim;SetAndStartSpriteAnim;SpriteAnimEnded;ObjectEventGetHeldMovementActionId;GetMoveDirectionAnimNum;GetLedgeJumpDirection;GetGlideMovementAction;GetRideWaterCurrentMovementAction;GetPlayerRunMovementAction;GetPlayerRunSlowMovementAction;GetWalkSlowMovementAction;GetSpinMovementAction;GetAcroWheelieFaceDirectionMovementAction;GetAcroPopWheelieFaceDirectionMovementAction;GetAcroEndWheelieFaceDirectionMovementAction;GetAcroWheelieHopFaceDirectionMovementAction;GetAcroWheelieHopMovementAction;GetAcroPopWheelieMoveMovementAction;GetAcroWheelieJumpMovementAction;GetJumpInPlaceTurnAroundMovementAction;GetAcroWheelieInPlaceMovementAction;GetAcroWheelieMoveMovementAction;GetJumpSpecialWithEffectMovementAction;GetFishingBiteDirectionAnimNum;TrySpawnObjectEvents;ResetObjectEvents,11,TryGetObjectEventIdByLocalIdAndMap;GetObjectEventIdByXY;SetObjectEventDirection;RemoveObjectEventByLocalIdAndMap;GetBoulderRevealFlagByLocalIdAndMap;LoadPlayerObjectReflectionPalette;LoadSpecialObjectReflectionPalette;TryMoveObjectEventToMapCoords;PatchObjectPalette;SpawnObjectEventsOnReturnToField;GetMapCoordsFromSpritePos;GetFaceDirectionAnimNum;SetSpritePosToOffsetMapCoords;ObjectEventClearHeldMovement;ObjectEventClearHeldMovementIfActive;CreateVirtualObject;CreateObjectGraphicsSprite;TrySpawnObjectEvent;SpawnSpecialObjectEventParameterized;SpawnSpecialObjectEvent;CameraObjectReset1;CameraObjectReset2;ObjectEventSetGraphicsId;ObjectEventTurn;ObjectEventTurnByLocalIdAndMap;ObjectEventForceSetHeldMovement;GetObjectEventGraphicsInfo;SetObjectInvisibility;FreeAndReserveObjectSpritePalettes;SetObjectPositionByLocalIdAndMap;ResetObjectSubpriority;SetObjectSubpriority;ObjectEventGetLocalIdAndMap;ShiftObjectEventCoords;TryOverrideObjectEventTemplateCoords;UpdateObjectEventCurrentMovement;ObjectEventFaceOppositeDirection;GetOppositeDirection;GetWalkInPlaceFasterMovementAction;GetStepInPlaceDelay8AnimId;GetWalkInPlaceSlowMovementAction;GetWalkInPlaceFastMovementAction;GetCollisionAtCoords;MoveCoords;ObjectEventIsHeldMovementActive;ObjectEventClearHeldMovementIfFinished;GetObjectEventIdByPosition;QL_UpdateObjectEventCurrentMovement;ShiftStillObjectEventCoords;GetFishingDirectionAnimNum;GetFishingNoCatchDirectionAnimNum;CreateFameCheckerObject;InitObjectEventPalettes;ObjectEventIsMovementOverridden;ObjectEventCheckHeldMovementStatus;GetWalkNormalMovementAction;GetWalkFastMovementAction;GetWalkFasterMovementAction;GetWalkSlowerMovementAction;GetTrainerFacingDirectionMovementType;GetFaceDirectionMovementAction;GetFaceDirectionFastMovementAction;CameraObjectSetFollowedObjectId;UnfreezeObjectEvents;GetSlideMovementAction;GetJumpInPlaceMovementAction;GetJumpMovementAction;GetJump2MovementAction;UpdateWalkSlowerAnim;SetJumpSpriteData;DoJumpSpecialSpriteMovement;TurnVirtualObject;GetObjectEventScriptPointerByObjectEventId;GetFirstInactiveObjectEventId;GetCollisionFlagsAtCoords;CancelPlayerForcedMovement;FreezeObjectEvent;UnfreezeObjectEvent;FreezeObjectEventsExceptOne;SetVirtualObjectGraphics;SetVirtualObjectInvisibility;IsVirtualObjectInvisible;SetVirtualObjectSpriteAnim;IsVirtualObjectAnimating;GetJumpSpecialMovementAction;EnableObjectGroundEffectsByXY;MoveObjectEventToMapCoords;CreateCopySpriteAt;GetObjectPaletteTag;SetSpritePosToMapCoords;UpdateObjectEventSpriteInvisibility;ElevationToPriority;ObjectEventUpdateElevation;SetObjectSubpriorityByElevation;CopyObjectGraphicsInfoToSpriteTemplate;AddCameraObject;UpdateObjectEventsForCameraUpdate;SpriteCB_VirtualObject;SetMovementDelay;WaitForMovementDelay;SetSpriteDataForNormalStep;SetWalkSlowerSpriteData;SetWalkSlowestSpriteData;UpdateWalkSlowestAnim;SetWalkSlowSpriteData;UpdateWalkSlowAnim;DoShadowFieldEffect;SetRunSlowSpriteData;UpdateRunSlowAnim;SetAndStartSpriteAnim;SpriteAnimEnded;ObjectEventGetHeldMovementActionId;GetMoveDirectionAnimNum;GetLedgeJumpDirection;GetGlideMovementAction;GetRideWaterCurrentMovementAction;GetPlayerRunMovementAction;GetPlayerRunSlowMovementAction;GetWalkSlowMovementAction;GetSpinMovementAction;GetAcroWheelieFaceDirectionMovementAction;GetAcroPopWheelieFaceDirectionMovementAction;GetAcroEndWheelieFaceDirectionMovementAction;GetAcroWheelieHopFaceDirectionMovementAction;GetAcroWheelieHopMovementAction;GetAcroPopWheelieMoveMovementAction;GetAcroWheelieJumpMovementAction;GetJumpInPlaceTurnAroundMovementAction;GetAcroWheelieInPlaceMovementAction;GetAcroWheelieMoveMovementAction;GetJumpSpecialWithEffectMovementAction;GetFishingBiteDirectionAnimNum;ResetObjectEvents,
../pokefirered/src/evolution_graphics.c,../pokefirered/include/evolution_graphics.h,global.h;gflib.h;trig.h;random.h;decompress.h;task.h;evolution_scene.h;evolution_graphics.h;constants/songs.h,637,,PORTADO_EN_STATUS,DOC_PORTED_REVIEW_SCOPE,7,LoadEvoSparkleSpriteAndPal;EvolutionSparkles_SpiralUpward;EvolutionSparkles_ArcDown;EvolutionSparkles_CircleInward;EvolutionSparkles_SprayAndFlash;EvolutionSparkles_SprayAndFlash_Trade;CycleEvolutionMonSprite,6,EvolutionSparkles_SprayAndFlash_Trade,
../pokefirered/src/evolution_scene.c,../pokefirered/include/evolution_scene.h,global.h;gflib.h;battle.h;battle_message.h;data.h;decompress.h;help_system.h;evolution_scene.h;evolution_graphics.h;link.h;link_rfu.h;m4a.h;event_data.h;trade_scene.h;new_menu_helpers.h;menu.h;overworld.h;pokedex.h;pokemon_summary_screen.h;scanline_effect.h;strings.h;task.h;text_window.h;trig.h;constants/moves.h;constants/songs.h;constants/pokemon.h;constants/items.h,1704,src/fr/evolutionScene.ts,PORTADO_EN_STATUS,DOC_PORTED_REVIEW_SCOPE,5,d;BeginEvolutionScene;EvolutionScene;TradeEvolutionScene;IsMovingBackgroundTaskRunning,4,TradeEvolutionScene,
../pokefirered/src/fame_checker.c,../pokefirered/include/fame_checker.h,global.h;gflib.h;constants/songs.h;event_data.h;event_scripts.h;graphics.h;battle.h;battle_setup.h;menu.h;trainer_pokemon_sprites.h;scanline_effect.h;new_menu_helpers.h;item_menu.h;list_menu.h;task.h;event_object_movement.h;menu_indicators.h;text_window.h;fame_checker.h;strings.h;constants/event_objects.h,1739,,SIN_MAPEO_NOMBRE_REVISAR,DOC_PARTIAL_OR_ADAPTED,5,ResetFameChecker;FullyUnlockFameChecker;UseFameChecker;SetFlavorTextFlagFromSpecialVars;UpdatePickStateFromSpecialVar8005,4,UseFameChecker,"Save state, unlock flags, source texts and a simplified people/profile/flavor flow are present in menus/keyItemScreens.ts. GBA task states, graphics, sprites and timing remain unported."
../pokefirered/src/field_camera.c,../pokefirered/include/field_camera.h,global.h;gflib.h;field_camera.h;field_player_avatar.h;fieldmap.h;event_object_movement.h;new_menu_helpers.h;overworld.h,572,,SIN_MAPEO_NOMBRE_REVISAR,DOC_PARTIAL_OR_ADAPTED,15,d;DrawWholeMapView;CurrentMapDrawMetatileAt;FieldCameraGetPixelOffsetAtGround;SetCameraPanningCallback;SetCameraPanning;UpdateCameraPanning;InstallCameraPanAheadCallback;DrawDoorMetatileAt;move_tilemap_camera_to_upper_left_corner;CameraUpdate;FieldUpdateBgTilemapScroll;ResetCameraUpdateInfo;InitCameraUpdateCallback;CameraUpdateNoObjectRefresh,3,CurrentMapDrawMetatileAt;FieldCameraGetPixelOffsetAtGround;SetCameraPanningCallback;SetCameraPanning;UpdateCameraPanning;InstallCameraPanAheadCallback;DrawDoorMetatileAt;move_tilemap_camera_to_upper_left_corner;FieldUpdateBgTilemapScroll;ResetCameraUpdateInfo;InitCameraUpdateCallback;CameraUpdateNoObjectRefresh,"Overworld camera position, movement, map-edge transitions, object view shifts, pan/offset and metatile redraw are combined in field/overworld.ts with Canvas map rendering instead of GBA BG tilemap slices. Some lower-level source APIs (camera object sprite callback, no-object-refresh, exact 32x32 tilemap ring-buffer operations) do not have direct counterparts. Marked partial; camera/edge traversal not runtime-verified this pass."
../pokefirered/src/field_control_avatar.c,../pokefirered/include/field_control_avatar.h,global.h;gflib.h;bike.h;coord_event_weather.h;daycare.h;event_data.h;event_object_movement.h;event_scripts.h;fieldmap.h;field_control_avatar.h;field_fadetransition.h;field_player_avatar.h;field_poison.h;field_specials.h;item_menu.h;link.h;wonder_news.h;metatile_behavior.h;overworld.h;renewable_hidden_items.h;quest_log.h;safari_zone.h;script.h;start_menu.h;trainer_see.h;vs_seeker.h;wild_encounter.h;constants/songs.h;constants/event_bg.h;constants/event_objects.h;constants/maps.h;constants/metatile_behaviors.h,1182,,SIN_MAPEO_NOMBRE_REVISAR,UNREVIEWED,13,RestartWildEncounterImmunitySteps;ClearPoisonStepCounter;SetCableClubWarp;HandleBoulderFallThroughHole;dive_warp;IsDirectionalStairWarpMetatileBehavior;GetInteractedLinkPlayerScript;GetCoordEventScriptAtMapPosition;FieldClearPlayerInput;ProcessPlayerFieldInput;FieldInput_HandleCancelSignpost;FieldGetPlayerInput;HandleBoulderActivateVictoryRoadSwitch,4,RestartWildEncounterImmunitySteps;ClearPoisonStepCounter;HandleBoulderFallThroughHole;dive_warp;IsDirectionalStairWarpMetatileBehavior;GetInteractedLinkPlayerScript;GetCoordEventScriptAtMapPosition;FieldClearPlayerInput;HandleBoulderActivateVictoryRoadSwitch,
../pokefirered/src/field_door.c,../pokefirered/include/field_door.h,global.h;field_camera.h;task.h;fieldmap.h;metatile_behavior.h;constants/songs.h;constants/metatile_labels.h,524,,SIN_MAPEO_NOMBRE_REVISAR,DOC_PORTED_REVIEW_SCOPE,6,FieldSetDoorOpened;FieldSetDoorClosed;FieldAnimateDoorClose;FieldAnimateDoorOpen;FieldIsDoorAnimationRunning;GetDoorSoundEffect,0,FieldSetDoorOpened;FieldSetDoorClosed;FieldAnimateDoorClose;FieldAnimateDoorOpen;FieldIsDoorAnimationRunning;GetDoorSoundEffect,"Door graphics/metatile table, single/double door frame arrays, duration counters, sprite-independent overlay drawing, open/close/snap-closed, sound type and active-animation state are implemented in field/doors.ts and hooked to overworld movement. Uses exported source assets with Canvas rendering in place of VRAM tile copies. No visual frame comparison."
../pokefirered/src/field_effect.c,../pokefirered/include/field_effect.h,global.h;gflib.h;decompress.h;event_data.h;event_object_movement.h;field_camera.h;field_control_avatar.h;field_effect.h;field_effect_helpers.h;field_effect_scripts.h;field_fadetransition.h;field_player_avatar.h;field_weather.h;fieldmap.h;help_system.h;metatile_behavior.h;new_menu_helpers.h;overworld.h;party_menu.h;quest_log.h;script.h;special_field_anim.h;task.h;trainer_pokemon_sprites.h;trig.h;util.h;constants/event_object_movement.h;constants/metatile_behaviors.h;constants/songs.h;constants/sound.h,4033,,SIN_MAPEO_NOMBRE_REVISAR,UNREVIEWED,21,d;l8;FieldEffectStart;FieldEffectActiveListContains;CreateTeleportFieldEffectTask;FieldEffectActiveListRemove;StartEscapeRopeFieldEffect;FieldEffectStop;CreateTrainerSprite;FieldCB_FallWarpExit;StartEscalatorWarp;StartLavaridgeGymB1FWarp;StartLavaridgeGym1FWarp;ApplyGlobalFieldPaletteTint;FreeResourcesAndDestroySprite;CreateMonSprite_PicBox;ReturnToFieldFromFlyMapSelect;MultiplyInvertedPaletteRGBComponents;SpriteCB_PopOutOfAsh;SpriteCB_AshLaunch;FieldEffectActiveListClear,6,l8;FieldEffectActiveListRemove;FieldEffectStop;CreateTrainerSprite;FieldCB_FallWarpExit;StartEscalatorWarp;StartLavaridgeGymB1FWarp;StartLavaridgeGym1FWarp;ApplyGlobalFieldPaletteTint;FreeResourcesAndDestroySprite;CreateMonSprite_PicBox;MultiplyInvertedPaletteRGBComponents;SpriteCB_PopOutOfAsh;SpriteCB_AshLaunch;FieldEffectActiveListClear,
../pokefirered/src/field_effect_helpers.c,../pokefirered/include/field_effect_helpers.h,global.h;gflib.h;event_object_movement.h;field_camera.h;field_effect.h;field_effect_helpers.h;field_weather.h;fieldmap.h;metatile_behavior.h;constants/field_effects.h;constants/event_objects.h;constants/songs.h,1421,,SIN_MAPEO_NOMBRE_REVISAR,UNREVIEWED,27,CreateWarpArrowSprite;SetSurfBlob_BobState;SetSurfBlob_DontSyncAnim;StartAshFieldEffect;StartRevealDisguise;UpdateRevealDisguise;SetUpReflection;StartFieldEffectForObjectEvent;FindTallGrassFieldEffectSpriteId;ShowWarpArrowSprite;SetSpriteInvisible;SetSurfBlob_PlayerOffset;UpdateJumpImpactEffect;UpdateShadowFieldEffect;UpdateBubblesFieldEffect;UpdateSparkleFieldEffect;UpdateTallGrassFieldEffect;WaitFieldEffectSpriteAnim;UpdateAshFieldEffect;UpdateSurfBlobFieldEffect;UpdateFootprintsTireTracksFieldEffect;UpdateSplashFieldEffect;UpdateShortGrassFieldEffect;UpdateLongGrassFieldEffect;UpdateSandPileFieldEffect;UpdateDisguiseFieldEffect;UpdateHotSpringsWaterFieldEffect,0,CreateWarpArrowSprite;SetSurfBlob_BobState;SetSurfBlob_DontSyncAnim;StartAshFieldEffect;StartRevealDisguise;UpdateRevealDisguise;SetUpReflection;StartFieldEffectForObjectEvent;FindTallGrassFieldEffectSpriteId;ShowWarpArrowSprite;SetSpriteInvisible;SetSurfBlob_PlayerOffset;UpdateJumpImpactEffect;UpdateShadowFieldEffect;UpdateBubblesFieldEffect;UpdateSparkleFieldEffect;UpdateTallGrassFieldEffect;WaitFieldEffectSpriteAnim;UpdateAshFieldEffect;UpdateSurfBlobFieldEffect;UpdateFootprintsTireTracksFieldEffect;UpdateSplashFieldEffect;UpdateShortGrassFieldEffect;UpdateLongGrassFieldEffect;UpdateSandPileFieldEffect;UpdateDisguiseFieldEffect;UpdateHotSpringsWaterFieldEffect,
../pokefirered/src/field_fadetransition.c,../pokefirered/include/field_fadetransition.h,global.h;gflib.h;field_fadetransition.h;overworld.h;fldeff.h;field_weather.h;map_preview_screen.h;field_player_avatar.h;task.h;script.h;cable_club.h;fieldmap.h;metatile_behavior.h;quest_log.h;link.h;event_object_movement.h;field_door.h;field_effect.h;field_screen_effect.h;field_specials.h;event_object_lock.h;start_menu.h;constants/songs.h;constants/event_object_movement.h;constants/event_objects.h;constants/field_weather.h,965,,SIN_MAPEO_NOMBRE_REVISAR,UNREVIEWED,26,FieldCB_RushInjuredPokemonToCenter;DoWarp;DoDiveWarp;DoDoorWarp;DoFallWarp;DoTeleportWarp;DoTeleport2Warp;FieldCB_DefaultWarpExit;WarpFadeOutScreen;FieldCB_ContinueScriptHandleMusic;FadeInFromBlack;FadeTransition_FadeInOnReturnToStartMenu;WarpFadeInScreen;FieldCB_ContinueScriptUnionRoom;FieldFadeTransitionBackgroundEffectIsFinished;palette_bg_faded_fill_black;DoStairWarp;DoEscalatorWarp;DoLavaridgeGymB1FWarp;DoLavaridgeGym1FWarp;DoUnionRoomWarp;FieldCB_ReturnToFieldWirelessLink;FieldCB_ReturnToFieldCableLink;FieldCB_ReturnToFieldOpenStartMenu;FieldCB_ContinueScript;FieldCB_WarpExitFadeFromBlack,4,FieldCB_RushInjuredPokemonToCenter;DoDoorWarp;DoTeleportWarp;DoTeleport2Warp;FieldCB_DefaultWarpExit;WarpFadeOutScreen;FieldCB_ContinueScriptHandleMusic;FadeInFromBlack;FadeTransition_FadeInOnReturnToStartMenu;WarpFadeInScreen;FieldCB_ContinueScriptUnionRoom;FieldFadeTransitionBackgroundEffectIsFinished;DoStairWarp;DoEscalatorWarp;DoLavaridgeGymB1FWarp;DoLavaridgeGym1FWarp;DoUnionRoomWarp;FieldCB_ReturnToFieldWirelessLink;FieldCB_ReturnToFieldCableLink;FieldCB_ReturnToFieldOpenStartMenu;FieldCB_ContinueScript;FieldCB_WarpExitFadeFromBlack,
../pokefirered/src/field_message_box.c,../pokefirered/include/field_message_box.h,global.h;field_message_box.h;gflib.h;new_menu_helpers.h;quest_log.h;script.h;text_window.h,142,,SIN_MAPEO_NOMBRE_REVISAR,DOC_PARTIAL_OR_ADAPTED,6,ShowFieldMessage;ShowFieldAutoScrollMessage;HideFieldMessageBox;IsFieldMessageBoxHidden;GetFieldMessageBoxType;InitFieldMessageBox,2,ShowFieldAutoScrollMessage;IsFieldMessageBoxHidden;GetFieldMessageBoxType;InitFieldMessageBox,"Init/reset, normal and auto-scroll show, placeholder expansion, NPC gender/neutral text color, active-message gating, printer completion, hide and message type are represented by field/messageBox.ts. Field presentation uses Canvas2D Window/TextPrinter rather than the source GBA window/frame task. Core dialogue flow mapped; rendering remains adapted."
../pokefirered/src/field_player_avatar.c,../pokefirered/include/field_player_avatar.h,global.h;gflib.h;bike.h;event_data.h;event_object_movement.h;fieldmap.h;field_camera.h;field_control_avatar.h;field_effect.h;field_effect_helpers.h;field_player_avatar.h;help_system.h;metatile_behavior.h;new_menu_helpers.h;overworld.h;party_menu.h;quest_log.h;quest_log_player.h;random.h;script.h;strings.h;wild_encounter.h;constants/event_object_movement.h;constants/event_objects.h;constants/songs.h;constants/metatile_behaviors.h;constants/moves.h;constants/trainer_types.h,2168,,SIN_MAPEO_NOMBRE_REVISAR,UNREVIEWED,59,ClearPlayerAvatarInfo;SetPlayerAvatarExtraStateTransition;GetPlayerAvatarGenderByGraphicsId;TestPlayerAvatarFlags;PlayerGetDestCoords;GetPlayerFacingDirection;GetPlayerMovementDirection;PlayerGetCopyableMovement;MovePlayerNotOnBike;MovementType_Player;HandleEnforcedLookDirectionOnPlayerStopMoving;StopPlayerAvatar;GetXYCoordsOneStepInFrontOfPlayer;GetPlayerAvatarGraphicsIdByStateId;SetPlayerAvatarStateMask;AlignFishingAnimationFrames;CreateStopSurfingTask_NoMusicChange;SavePlayerFacingDirectionForTeleport;SetPlayerAvatarTransitionFlags;IsPlayerFacingSurfableFishableWater;StartFishing;GetPlayerAvatarObjectId;PlayerGetElevation;GetPlayerAvatarGraphicsIdByCurrentState;StartPlayerAvatarSummonMonForFieldMoveAnim;SetPlayerInvisibility;StartTeleportInPlayerAnim;StartTeleportWarpOutPlayerAnim;WaitTeleportWarpOutPlayerAnim;WaitTeleportInPlayerAnim;PartyHasMonWithSurf;IsPlayerSurfingNorth;player_get_pos_including_state_based_drift;StartPlayerAvatarVsSeekerAnim;GetRivalAvatarGraphicsIdByStateIdAndGender;GetPlayerAvatarGraphicsIdByStateIdAndGender;CheckForObjectEventCollision;PlayerWalkSlower;PlayerWalkSlow;PlayerWalkNormal;PlayerWalkFast;PlayerGlide;PlayerRideWaterCurrent;PlayerWalkFaster;PlayerRun;PlayerRunSlow;PlayerOnBikeCollide;PlayerNotOnBikeCollide;PlayerFaceDirection;PlayerFaceDirectionFast;PlayerTurnInPlace;PlayerJumpLedge;PlayerShakeHeadOrWalkInPlace;player_step;PlayerIsMovingOnRockStairs;UpdatePlayerAvatarTransitionState;InitPlayerAvatar;PlayerUseAcroBikeOnBumpySlope;GetRSAvatarGraphicsIdByGender,12,ClearPlayerAvatarInfo;SetPlayerAvatarExtraStateTransition;GetPlayerAvatarGenderByGraphicsId;PlayerGetDestCoords;GetPlayerMovementDirection;PlayerGetCopyableMovement;MovePlayerNotOnBike;MovementType_Player;HandleEnforcedLookDirectionOnPlayerStopMoving;StopPlayerAvatar;GetXYCoordsOneStepInFrontOfPlayer;GetPlayerAvatarGraphicsIdByStateId;SetPlayerAvatarStateMask;CreateStopSurfingTask_NoMusicChange;SavePlayerFacingDirectionForTeleport;IsPlayerFacingSurfableFishableWater;GetPlayerAvatarObjectId;PlayerGetElevation;StartPlayerAvatarSummonMonForFieldMoveAnim;SetPlayerInvisibility;StartTeleportInPlayerAnim;WaitTeleportWarpOutPlayerAnim;WaitTeleportInPlayerAnim;PartyHasMonWithSurf;IsPlayerSurfingNorth;player_get_pos_including_state_based_drift;StartPlayerAvatarVsSeekerAnim;GetRivalAvatarGraphicsIdByStateIdAndGender;GetPlayerAvatarGraphicsIdByStateIdAndGender;PlayerWalkSlower;PlayerWalkSlow;PlayerWalkNormal;PlayerWalkFast;PlayerGlide;PlayerRideWaterCurrent;PlayerRun;PlayerRunSlow;PlayerOnBikeCollide;PlayerNotOnBikeCollide;PlayerFaceDirection;PlayerFaceDirectionFast;PlayerTurnInPlace;PlayerJumpLedge;PlayerShakeHeadOrWalkInPlace;PlayerIsMovingOnRockStairs;PlayerUseAcroBikeOnBumpySlope;GetRSAvatarGraphicsIdByGender,
../pokefirered/src/field_poison.c,../pokefirered/include/field_poison.h,global.h;gflib.h;strings.h;task.h;field_message_box.h;script.h;event_data.h;fldeff.h;party_menu.h;field_poison.h;constants/battle.h,119,src/fr/field/poison.ts;src/fr/field/fieldEffects.ts,SIN_MAPEO_NOMBRE_REVISAR,DOC_PORTED_REVIEW_SCOPE,1,DoPoisonFieldEffect,1,,"DoPoisonFieldEffect's modulo-five step, HP decrement, faint/poison result and TryFieldPoisonWhiteOut's per-mon message/friendship/status/all-fainted task are represented by FieldEffects.updatePoisonStepCounter and field/poison.ts. The visual Start/Task mosaic effect is a separate fldeff_poison.c unit and remains partial there."
../pokefirered/src/field_screen_effect.c,../pokefirered/include/field_screen_effect.h,global.h;gflib.h;field_screen_effect.h;overworld.h;scanline_effect.h;script.h;task.h;strings.h;menu.h;heal_location.h;new_menu_helpers.h;event_object_movement.h;field_fadetransition.h;event_scripts.h;constants/heal_locations.h;constants/maps.h,462,,SIN_MAPEO_NOMBRE_REVISAR,DOC_PARTIAL_OR_ADAPTED,6,AnimateFlash;FieldCB_SafariZoneRanOutOfBalls;DoOutwardBarnDoorWipe;Task_BarnDoorWipe;FieldCB_RushInjuredPokemonToCenter;WriteFlashScanlineEffectBuffer,1,FieldCB_SafariZoneRanOutOfBalls;DoOutwardBarnDoorWipe;Task_BarnDoorWipe;FieldCB_RushInjuredPokemonToCenter;WriteFlashScanlineEffectBuffer,"Flash levels and radius transition are adapted in field/fieldEffects.ts and Canvas renderer rather than scanline WIN boundaries. No source-equivalent barn-door GPU-register wipe, player whiteout recovery task/home-vs-Center text, or Safari out-of-balls callback found in TS. These include main progression after battle loss and safari service behavior; source-review gap list only."
../pokefirered/src/field_special_scene.c,,global.h,27,,SIN_MAPEO_NOMBRE_REVISAR,DOC_PORTED_REVIEW_SCOPE,0,,0,,All active exported functions here are empty: FieldCB_ShowPortholeView and LookThroughPorthole; the static Dummy helpers are also inert. LookThroughPorthole is registered as the same no-op in specials.ts. The only caller of FieldCB_ShowPortholeView is the source's unused DoPortholeWarp; no active single-player route is omitted by that callback.
../pokefirered/src/field_specials.c,../pokefirered/include/field_specials.h,global.h;gflib.h;quest_log.h;list_menu.h;diploma.h;script.h;field_player_avatar.h;overworld.h;field_message_box.h;event_data.h;strings.h;battle.h;fieldmap.h;field_specials.h;region_map.h;task.h;battle_tower.h;field_camera.h;field_effect.h;event_object_movement.h;menu_indicators.h;random.h;mail_data.h;help_system.h;pokemon_storage_system.h;script_menu.h;data.h;pokedex.h;text_window.h;menu.h;mystery_gift.h;naming_screen.h;party_menu.h;dynamic_placeholder_text_util.h;new_menu_helpers.h;constants/songs.h;constants/items.h;constants/maps.h;constants/region_map_sections.h;constants/moves.h;constants/menu.h;constants/event_objects.h;constants/metatile_labels.h,2555,,SIN_MAPEO_NOMBRE_REVISAR,UNREVIEWED,24,GetLeadMonIndex;CountDigits;TV_PrintIntToStringVar;GetStarterSpecies;StopPokemonLeagueLightingEffectTask;FieldCB_ShowPortholeView;ContextNpcGetTextColor;SetPCBoxToSendMon;GetPCBoxToSendMon;IsDestinationBoxFull;ShouldShowBoxWasFullMessage;GetHiddenItemAttr;GetUnlockedSeviiAreas;GetPlayerTrainerId;CutMoveRuinValleyCheck;CutMoveOpenDottedHoleDoor;RunMassageCooldownStepCounter;IncrementResortGorgeousStepCounter;IncrementBirthIslandRockStepCount;ResetCyclingRoadChallengeData;ResetFieldTasksArgs;UsedPokemonCenterWarp;QuestLog_CheckDepartingIndoorsMap;QuestLog_TryRecordDepartedLocation,6,GetLeadMonIndex;CountDigits;StopPokemonLeagueLightingEffectTask;FieldCB_ShowPortholeView;SetPCBoxToSendMon;GetHiddenItemAttr;GetUnlockedSeviiAreas;GetPlayerTrainerId;CutMoveRuinValleyCheck;CutMoveOpenDottedHoleDoor;RunMassageCooldownStepCounter;IncrementResortGorgeousStepCounter;IncrementBirthIslandRockStepCount;ResetCyclingRoadChallengeData;ResetFieldTasksArgs;UsedPokemonCenterWarp;QuestLog_CheckDepartingIndoorsMap;QuestLog_TryRecordDepartedLocation,
../pokefirered/src/field_tasks.c,../pokefirered/include/field_tasks.h,global.h;gflib.h;bike.h;event_data.h;field_camera.h;field_effect_helpers.h;field_player_avatar.h;fieldmap.h;metatile_behavior.h;overworld.h;quest_log.h;script.h;task.h;constants/field_tasks.h;constants/metatile_labels.h;constants/songs.h,351,src/fr/field/fieldTasks.ts,CANDIDATO_TS_MISMO_NOMBRE,DOC_PARTIAL_OR_ADAPTED,2,ActivatePerStepCallback;SetUpFieldTasks,1,SetUpFieldTasks,"STEP_CB_ICE is represented in field/fieldTasks.ts: nine persistent puzzle coordinates, destination-tile change, 4-frame delay and break/crack sounds. Callback runs from overworld frame hook rather than task priority 80. Task_RunTimeBasedEvents/UpdateAmbientCry and time-based cry behavior are absent; other callbacks are dummy or unused in FireRed. Source logic reviewed; no runtime timing check."
../pokefirered/src/field_weather.c,../pokefirered/include/field_weather.h,global.h;gflib.h;blend_palette.h;field_effect.h;field_weather.h;field_weather_util.h;field_weather_effects.h;task.h;trig.h;constants/field_weather.h;constants/weather.h;constants/songs.h,1147,,SIN_MAPEO_NOMBRE_REVISAR,UNREVIEWED,32,FadeScreen;SetSavedWeather;GetSav1Weather;DoCurrentWeather;SetSavedWeatherFromCurrMapHeader;SlightlyDarkenPalsInWeather;PlayRainStoppingSoundEffect;IsWeatherNotFadingIn;SetWeatherScreenFadeOut;WeatherProcessingIdle;GetCurrentWeather;delay;UpdateSpritePaletteWithWeather;ResetPreservedPalettesInWeather;PreservePaletteInWeather;SetNextWeather;SetCurrentAndNextWeather;Weather_SetBlendCoeffs;Weather_SetTargetBlendCoeffs;Weather_UpdateBlend;LoadCustomWeatherSpritePalette;ResetDroughtWeatherPaletteLoading;LoadDroughtWeatherPalettes;DroughtStateInit;DroughtStateRun;SetRainStrengthFromSoundEffect;WeatherShiftGammaIfPalStateIdle;WeatherBeginGammaFade;ApplyWeatherGammaShiftToPal;StartWeather;ResumePausedWeather;FadeSelectedPals,6,GetSav1Weather;SlightlyDarkenPalsInWeather;PlayRainStoppingSoundEffect;IsWeatherNotFadingIn;SetWeatherScreenFadeOut;WeatherProcessingIdle;UpdateSpritePaletteWithWeather;ResetPreservedPalettesInWeather;PreservePaletteInWeather;SetNextWeather;SetCurrentAndNextWeather;Weather_SetBlendCoeffs;Weather_SetTargetBlendCoeffs;Weather_UpdateBlend;LoadCustomWeatherSpritePalette;ResetDroughtWeatherPaletteLoading;LoadDroughtWeatherPalettes;DroughtStateInit;DroughtStateRun;SetRainStrengthFromSoundEffect;WeatherShiftGammaIfPalStateIdle;WeatherBeginGammaFade;ApplyWeatherGammaShiftToPal;StartWeather;ResumePausedWeather;FadeSelectedPals,
../pokefirered/src/field_weather_effects.c,../pokefirered/include/field_weather_effects.h,global.h;gflib.h;battle_anim.h;event_object_movement.h;field_weather.h;field_weather_effects.h;random.h;script.h;constants/weather.h;constants/songs.h;task.h;trig.h,2346,,SIN_MAPEO_NOMBRE_REVISAR,DOC_PARTIAL_OR_ADAPTED,50,Ash_Finish;Bubbles_Finish;Clouds_Finish;FogHorizontal_Finish;FogDiagonal_Finish;Rain_Finish;Thunderstorm_Finish;Sandstorm_Finish;Snow_Finish;Sunny_Finish;Drought_Finish;Shade_Finish;Ash_InitAll;Ash_InitVars;Ash_Main;Bubbles_InitAll;Bubbles_InitVars;Bubbles_Main;Clouds_InitAll;Clouds_InitVars;Clouds_Main;Drought_InitAll;Drought_InitVars;Drought_Main;FogHorizontal_InitAll;FogHorizontal_InitVars;FogHorizontal_Main;FogDiagonal_InitAll;FogDiagonal_InitVars;FogDiagonal_Main;Rain_InitAll;Rain_InitVars;Rain_Main;Thunderstorm_Main;Sandstorm_InitAll;Sandstorm_InitVars;Sandstorm_Main;Snow_InitAll;Snow_InitVars;Shade_InitAll;Shade_InitVars;Sunny_InitAll;Sunny_InitVars;Sunny_Main;Shade_Main;Snow_Main;Thunderstorm_InitVars;Thunderstorm_InitAll;Downpour_InitVars;Downpour_InitAll,0,Ash_Finish;Bubbles_Finish;Clouds_Finish;FogHorizontal_Finish;FogDiagonal_Finish;Rain_Finish;Thunderstorm_Finish;Sandstorm_Finish;Snow_Finish;Sunny_Finish;Drought_Finish;Shade_Finish;Ash_InitAll;Ash_InitVars;Ash_Main;Bubbles_InitAll;Bubbles_InitVars;Bubbles_Main;Clouds_InitAll;Clouds_InitVars;Clouds_Main;Drought_InitAll;Drought_InitVars;Drought_Main;FogHorizontal_InitAll;FogHorizontal_InitVars;FogHorizontal_Main;FogDiagonal_InitAll;FogDiagonal_InitVars;FogDiagonal_Main;Rain_InitAll;Rain_InitVars;Rain_Main;Thunderstorm_Main;Sandstorm_InitAll;Sandstorm_InitVars;Sandstorm_Main;Snow_InitAll;Snow_InitVars;Shade_InitAll;Shade_InitVars;Sunny_InitAll;Sunny_InitVars;Sunny_Main;Shade_Main;Snow_Main;Thunderstorm_InitVars;Thunderstorm_InitAll;Downpour_InitVars;Downpour_InitAll,
../pokefirered/src/field_weather_util.c,../pokefirered/include/field_weather_util.h,global.h;field_weather.h;overworld.h;constants/weather.h,105,,SIN_MAPEO_NOMBRE_REVISAR,DOC_PARTIAL_OR_ADAPTED,1,SetWeather,0,SetWeather,TS setSaved/setSavedFromHeader/doCurrent cover the main save/current/next entry points and rain-stat counter. Source also has route-cycle translation plus ResumePausedWeather and SetWeather_Unused; TS has no resumePaused operation and no cycle-stage behavior. Weather visual task/parity gaps are separately recorded under field_weather.c.
../pokefirered/src/fieldmap.c,../pokefirered/include/fieldmap.h,global.h;gflib.h;overworld.h;script.h;new_menu_helpers.h;quest_log.h;fieldmap.h,951,src/fr/field/fieldmap.ts,CANDIDATO_TS_MISMO_NOMBRE,UNREVIEWED,28,MapGridGetMetatileIdAt;MapGridGetMetatileBehaviorAt;MapGridGetMetatileLayerTypeAt;MapGridSetMetatileIdAt;MapGridSetMetatileEntryAt;MapGridGetElevationAt;GetCameraCoords;MapGridGetCollisionAt;GetMapBorderIdAt;CanCameraMoveInDirection;GetMapHeaderFromConnection;GetMapConnectionAtPos;ApplyGlobalTintToPaletteSlot;SaveMapView;ExtractMetatileAttribute;MapGridGetMetatileAttributeAt;MapGridSetMetatileImpassabilityAt;CameraMove;CopyMapTilesetsToVram;LoadMapTilesetPalettes;InitMap;CopySecondaryTilesetToVramUsingHeap;LoadSecondaryTilesetPalette;InitMapFromSavedGame;CopyPrimaryTilesetToVram;CopySecondaryTilesetToVram;GetCameraFocusCoords;SetCameraFocusCoords,5,MapGridGetMetatileIdAt;MapGridGetMetatileBehaviorAt;MapGridGetMetatileLayerTypeAt;MapGridSetMetatileIdAt;MapGridSetMetatileEntryAt;MapGridGetElevationAt;GetCameraCoords;MapGridGetCollisionAt;CanCameraMoveInDirection;GetMapHeaderFromConnection;ApplyGlobalTintToPaletteSlot;SaveMapView;ExtractMetatileAttribute;MapGridGetMetatileAttributeAt;MapGridSetMetatileImpassabilityAt;CopyMapTilesetsToVram;CopySecondaryTilesetToVramUsingHeap;LoadSecondaryTilesetPalette;InitMapFromSavedGame;CopyPrimaryTilesetToVram;CopySecondaryTilesetToVram;GetCameraFocusCoords;SetCameraFocusCoords,
../pokefirered/src/fldeff_berrytree.c,,,4,,SIN_MAPEO_NOMBRE_REVISAR,DOC_PORTED_REVIEW_SCOPE,0,,0,,"Source-confirmed exact no-op: the complete four-line C file defines only an empty DoWateringBerryTreeAnim; src/fr/script/specials.ts registers the same empty handler. The watering animation was removed from the R/S-derived source; this closes only this function's parity, not berry watering/gameplay visuals."
../pokefirered/src/fldeff_cut.c,,global.h;gflib.h;event_object_lock.h;event_object_movement.h;event_scripts.h;fieldmap.h;field_camera.h;field_specials.h;fldeff.h;field_effect.h;field_player_avatar.h;metatile_behavior.h;overworld.h;party_menu.h;script.h;trig.h;constants/event_objects.h;constants/songs.h;constants/metatile_labels.h,295,,SIN_MAPEO_NOMBRE_REVISAR,DOC_PARTIAL_OR_ADAPTED,0,,0,,"Cut grass/tree entry and source metatile mapping are implemented in fieldMoveMenu.ts/fieldMoves.ts. Fixed the cut execution path to mow only tiles at the player elevation, as the C checks. Still missing CutMoveRuinValleyCheck/CutMoveOpenDottedHoleDoor for opening the Dotted Hole after the Braille clue; Cut grass particle sprites and ground-effect refresh are also adapted/omitted. npm run check:port passed; no field-play test."
../pokefirered/src/fldeff_dig.c,,global.h;field_effect.h;field_player_avatar.h;fldeff.h;item_use.h;overworld.h;party_menu.h,46,src/fr/menus/fieldMoveMenu.ts;src/fr/field/fieldMoves.ts,SIN_MAPEO_NOMBRE_REVISAR,DOC_PORTED_REVIEW_SCOPE,0,,0,,"SetUpFieldMove_Dig's allowEscaping check and confirmation/escape location route are in menus/fieldMoveMenu.ts. FLDEFF_USE_DIG, show-mon callback, reset-after-Dig and Escape Rope animation/warp are wired in fieldMoves.ts. Source-reviewed parity; visual frame timing was not compared in browser."
../pokefirered/src/fldeff_flash.c,,global.h;gflib.h;event_data.h;event_scripts.h;fldeff.h;field_effect.h;map_preview_screen.h;overworld.h;party_menu.h;script.h;constants/songs.h;constants/map_types.h,479,,SIN_MAPEO_NOMBRE_REVISAR,DOC_PARTIAL_OR_ADAPTED,0,,0,,
../pokefirered/src/fldeff_poison.c,,global.h;gflib.h;task.h;constants/songs.h,42,,SIN_MAPEO_NOMBRE_REVISAR,DOC_PARTIAL_OR_ADAPTED,0,,0,,"Source task applies mosaic levels 1..4..0 over frames, plays SE_FIELD_POISON, and remains active until done. TS step handling decrements HP and plays the SE but only writes unused flashOverlay=4; no mosaic task is started and battle_setup does not wait for the effect. The source visual/task and transition wait remain partial."
../pokefirered/src/fldeff_rocksmash.c,,global.h;gflib.h;field_player_avatar.h;field_effect.h;party_menu.h;event_data.h;script.h;fldeff.h;event_scripts.h;overworld.h;event_object_movement.h;constants/songs.h;constants/event_objects.h;constants/event_object_movement.h;constants/maps.h,137,,SIN_MAPEO_NOMBRE_REVISAR,DOC_PORTED_REVIEW_SCOPE,0,,0,,"SetUpFieldMove_RockSmash checks for the rock object in front and records its local ID; the party field-move menu maps that gate and continuation to the same exported Rock Smash script. FldEff_UseRockSmash increments GAME_STAT_USED_ROCK_SMASH and runs the show-mon task, sound, field-effect cleanup and script resume in field/fieldMoves.ts. Source-reviewed against C; animation timing not compared in browser."
../pokefirered/src/fldeff_softboiled.c,,global.h;gflib.h;party_menu.h;menu.h;new_menu_helpers.h;constants/songs.h,108,src/fr/menus/fieldMoveMenu.ts;src/fr/partyMenu.ts,SIN_MAPEO_NOMBRE_REVISAR,DOC_PORTED_REVIEW_SCOPE,0,,0,,"Eligibility at one-fifth max HP is in fieldMoveMenu.ts; the party-menu task flow mirrors C selection, self/fainted/full-HP rejection, one-fifth HP transfer, SEs, message and cursor handoff. Source reviewed; no live menu interaction was run."
../pokefirered/src/fldeff_strength.c,,global.h;field_player_avatar.h;field_effect.h;party_menu.h;event_data.h;script.h;fldeff.h;event_scripts.h;constants/event_objects.h,46,src/fr/menus/fieldMoveMenu.ts;src/fr/field/fieldMoves.ts,SIN_MAPEO_NOMBRE_REVISAR,DOC_PORTED_REVIEW_SCOPE,0,,0,,"Strength's surf/boulder eligibility, selected-party index, scripted show-mon effect, name placeholder and active-flag removal are represented by trySetUpFieldMove, EventScript_FldEffStrength and FieldMoves.start. Source reviewed; visual timing was not compared."
../pokefirered/src/fldeff_sweetscent.c,,global.h;gflib.h;field_player_avatar.h;field_effect.h;party_menu.h;script.h;fldeff.h;event_scripts.h;field_weather.h;wild_encounter.h;constants/songs.h,100,src/fr/field/fieldMoves.ts;src/fr/field/wildEncounter.ts,SIN_MAPEO_NOMBRE_REVISAR,DOC_PARTIAL_OR_ADAPTED,0,,0,,"Fixed encounter ordering: SweetScentWildEncounter now attempts the roamer on land/water tiles before checking the normal encounter table, as C does; check:port passes. The pink screen uses a Canvas overlay instead of the C palette backup/fade/weather processing, so this module remains partial pending visual/task parity."
../pokefirered/src/fldeff_teleport.c,,global.h;field_effect.h;field_player_avatar.h;fldeff.h;party_menu.h;overworld.h,41,src/fr/menus/fieldMoveMenu.ts;src/fr/field/fieldMoves.ts,SIN_MAPEO_NOMBRE_REVISAR,DOC_PARTIAL_OR_ADAPTED,0,,0,,"The map-type gate, heal-location target, show-mon callback, facing spin and fade/wait/warp flow exist. Source differences remain in the C teleport task: CameraObjectReset2 is omitted, ascent uses sprite.y2 rather than source sprite.y, and the subsprite-priority transition is not represented. Keep partial pending sprite/task parity work."
../pokefirered/src/gpu_regs.c,../pokefirered/include/gpu_regs.h,global.h,158,,SIN_MAPEO_NOMBRE_REVISAR,DOC_PARTIAL_OR_ADAPTED,9,InitGpuRegManager;CopyBufferedValuesToGpuRegs;SetGpuReg;SetGpuReg_ForcedBlank;GetGpuReg;SetGpuRegBits;ClearGpuRegBits;EnableInterrupts;DisableInterrupts,8,SetGpuReg_ForcedBlank,"SetGpuReg buffering/overwrite coalescing, VBlank flush and forced-blank immediate writes are represented by hw/gpu.ts and runtime.ts. The register-window/interrupt hardware is simulated; EnableInterrupts/DisableInterrupts are no-ops because callbacks are driven by the frame loop, and DISPTAT/IE side effects are not modeled. Only EnableInterrupts(0) is currently called."
../pokefirered/src/graphics.c,../pokefirered/include/graphics.h,global.h;data/graphics/interface_pokeballs.h;data/graphics/pokemon.h;data/graphics/trainers.h;data/graphics/battle_terrain_unused.h;data/graphics/items.h;data/graphics/mail.h,1380,,SIN_MAPEO_NOMBRE_REVISAR,UNREVIEWED,0,,0,,
../pokefirered/src/hall_of_fame.c,../pokefirered/include/hall_of_fame.h,global.h;gflib.h;decompress.h;scanline_effect.h;task.h;save.h;data.h;m4a.h;help_system.h;hall_of_fame.h;quest_log.h;pc_screen_effect.h;new_menu_helpers.h;strings.h;credits.h;event_data.h;overworld.h;trainer_pokemon_sprites.h;text_window.h;field_fadetransition.h;menu.h;string_util.h;trig.h;random.h;graphics.h;constants/songs.h;constants/maps.h,1286,src/fr/hallOfFame.ts,CANDIDATO_TS_MISMO_NOMBRE,UNREVIEWED,6,CB2_DoHallOfFameScreen;CB2_DoHallOfFameScreenDontSaveData;CB2_DoHallOfFamePC;CB2_InitHofPC;HallOfFamePCBeginFade;ReturnFromHallOfFamePC,3,CB2_DoHallOfFameScreenDontSaveData;CB2_DoHallOfFamePC;ReturnFromHallOfFamePC,
../pokefirered/src/heal_location.c,../pokefirered/include/heal_location.h,global.h;heal_location.h;event_data.h;constants/maps.h;constants/map_event_ids.h;constants/heal_locations.h;data/heal_locations.h,122,,SIN_MAPEO_NOMBRE_REVISAR,SMALL_AUDIT_FIX_APPLIED_UNVERIFIED,2,GetHealLocation;SetWhiteoutRespawnWarpAndHealerNpc,0,GetHealLocation;SetWhiteoutRespawnWarpAndHealerNpc,"Whiteout now resolves exported respawn_map/respawn_npc, C-specific coordinates and the Pallet home branch in overworld.ts/game.ts; verification pending; Trainer Tower and pre-fade recovery presentation remain."
../pokefirered/src/help_message.c,../pokefirered/include/help_message.h,global.h;malloc.h;menu.h,106,,SIN_MAPEO_NOMBRE_REVISAR,DOC_PARTIAL_OR_ADAPTED,5,DestroyHelpMessageWindow;CreateHelpMessageWindow;PrintTextOnHelpMessageWindow;MapNamePopupWindowIdSetDummy;DrawHelpMessageWindowTilesById,1,DestroyHelpMessageWindow;CreateHelpMessageWindow;PrintTextOnHelpMessageWindow;MapNamePopupWindowIdSetDummy,The exported border graphic and DrawHelpMessageWindowTilesById pattern are reused by PartyMenu's field-move description panel. The reusable C window lifecycle/template and PrintTextOnHelpMessageWindow path for Start-menu/help prompts are not implemented as a shared TS API; related start-menu help remains simplified.
../pokefirered/src/help_system.c,../pokefirered/include/help_system.h,global.h;gflib.h;event_data.h;event_scripts.h;field_player_avatar.h;help_system.h;item.h;link.h;overworld.h;pokedex.h;quest_log.h;save.h;save_location.h;strings.h;constants/items.h;constants/maps.h;constants/songs.h,2480,,FUERA_DE_ALCANCE_CANDIDATO,OUT_OF_SCOPE_CANDIDATE,62,SetHelpContextDontCheckBattle;SetHelpContextForMap;SetHelpContext;HelpSystem_UpdateHasntSeenIntro;HelpSystem_IsSinglePlayer;HelpSystem_Disable;HelpSystem_Enable;HelpSystem_EnableToggleWithRButton;RunHelpMenuSubroutine;HelpSystemSubroutine_PrintWelcomeMessage;HelpSystemSubroutine_WelcomeWaitButton;HelpSystemSubroutine_WelcomeEndGotoMenu;HelpSystemSubroutine_MenuInputHandlerMain;HelpMenuSubroutine_InitSubmenu;HelpMenuSubroutine_ReturnFromSubmenu;HelpMenuSubroutine_SubmenuInputHandler;HelpSystem_PrintTopicLabel;HelpMenuSubroutine_HelpItemPrint;HelpMenuSubroutine_ReturnFromHelpItem;HelpMenuSubroutine_HelpItemWaitButton;GetHelpSystemMenuLevel;RunHelpSystemCallback;SaveCallbacks;SaveMapGPURegs;SaveMapTiles;SaveMapTextColors;RestoreCallbacks;RestoreGPURegs;RestoreMapTiles;RestoreMapTextColors;CommitTilemap;HS_BufferFillMapWithTile1FF;HS_ShowOrHideWordHELPinTopLeft;HS_ShowOrHideControlsGuideInTopRight;HS_ShowOrHideMainWindowText;HS_SetMainWindowBgBrightness;HS_ShowOrHideToplevelTooltipWindow;HS_ShowOrHideHeaderAndFooterLines_Lighter;HS_ShowOrHideHeaderAndFooterLines_Darker;HS_ShowOrHideVerticalBlackBarsAlongSides;HS_ShowOrHideHeaderLine_Darker_FooterStyle;HS_ShowOrHideScrollArrows;HelpSystem_PrintTextRightAlign_Row52;HelpSystem_PrintTextAt;HelpSystem_PrintQuestionAndAnswerPair;HelpSystem_PrintTopicMouseoverDescription;HelpSystem_FillPanel2;HelpSystem_FillPanel1;HelpSystem_InitListMenuController;HelpSystem_SetInputDelay;HelpSystem_GetMenuInput;HS_UpdateMenuScrollArrows;DecompressAndRenderGlyph;HelpSystem_PrintTextInTopLeftCorner;HelpSystem_FillPanel3;PrintListMenuItems;PlaceListMenuCursor;MoveCursor;BackupHelpContext;RestoreHelpContext;HelpSystemRenderText;HelpSystem_DisableToggleWithRButton,6,SetHelpContextDontCheckBattle;HelpSystem_UpdateHasntSeenIntro;HelpSystem_IsSinglePlayer;HelpSystem_EnableToggleWithRButton;RunHelpMenuSubroutine;HelpSystemSubroutine_PrintWelcomeMessage;HelpSystemSubroutine_WelcomeWaitButton;HelpSystemSubroutine_WelcomeEndGotoMenu;HelpSystemSubroutine_MenuInputHandlerMain;HelpMenuSubroutine_InitSubmenu;HelpMenuSubroutine_ReturnFromSubmenu;HelpMenuSubroutine_SubmenuInputHandler;HelpSystem_PrintTopicLabel;HelpMenuSubroutine_HelpItemPrint;HelpMenuSubroutine_ReturnFromHelpItem;HelpMenuSubroutine_HelpItemWaitButton;GetHelpSystemMenuLevel;RunHelpSystemCallback;SaveCallbacks;SaveMapGPURegs;SaveMapTiles;SaveMapTextColors;RestoreCallbacks;RestoreGPURegs;RestoreMapTiles;RestoreMapTextColors;CommitTilemap;HS_BufferFillMapWithTile1FF;HS_ShowOrHideWordHELPinTopLeft;HS_ShowOrHideControlsGuideInTopRight;HS_ShowOrHideMainWindowText;HS_SetMainWindowBgBrightness;HS_ShowOrHideToplevelTooltipWindow;HS_ShowOrHideHeaderAndFooterLines_Lighter;HS_ShowOrHideHeaderAndFooterLines_Darker;HS_ShowOrHideVerticalBlackBarsAlongSides;HS_ShowOrHideHeaderLine_Darker_FooterStyle;HS_ShowOrHideScrollArrows;HelpSystem_PrintTextRightAlign_Row52;HelpSystem_PrintTextAt;HelpSystem_PrintQuestionAndAnswerPair;HelpSystem_PrintTopicMouseoverDescription;HelpSystem_FillPanel2;HelpSystem_FillPanel1;HelpSystem_InitListMenuController;HelpSystem_SetInputDelay;HelpSystem_GetMenuInput;HS_UpdateMenuScrollArrows;DecompressAndRenderGlyph;HelpSystem_PrintTextInTopLeftCorner;HelpSystem_FillPanel3;PrintListMenuItems;PlaceListMenuCursor;MoveCursor;HelpSystemRenderText;HelpSystem_DisableToggleWithRButton,
../pokefirered/src/help_system_util.c,,global.h;gflib.h;decompress.h;m4a.h;event_data.h;help_system.h;list_menu.h;strings.h;constants/songs.h,848,,FUERA_DE_ALCANCE_CANDIDATO,OUT_OF_SCOPE_CANDIDATE,0,,0,,
../pokefirered/src/hof_pc.c,,global.h;gflib.h;hall_of_fame.h;overworld.h;script.h;script_menu.h;task.h,50,src/fr/hallOfFame.ts,SIN_MAPEO_NOMBRE_REVISAR,DOC_PARTIAL_OR_ADAPTED,0,,0,,"Return to field, reopen the PC prompt, browse saved teams and show their members are wired in hallOfFame.ts. TS uses generic HardwareChoice/HardwareMessage screens and does not reproduce hof_pc.c's palette fades, task/callback transitions or original summary UI. This is an optional postgame adapter."
../pokefirered/src/image_processing_effects.c,../pokefirered/include/image_processing_effects.h,global.h;image_processing_effects.h,4436,,SIN_MAPEO_NOMBRE_REVISAR,UNREVIEWED,3,ApplyImageProcessingEffects;ApplyImageProcessingQuantization;ConvertImageProcessingToGBA,0,ApplyImageProcessingEffects;ApplyImageProcessingQuantization;ConvertImageProcessingToGBA,
../pokefirered/src/intro.c,../pokefirered/include/intro.h,global.h;gflib.h;m4a.h;task.h;scanline_effect.h;libgcnmultiboot.h;new_menu_helpers.h;link.h;menu.h;random.h;save.h;new_game.h;title_screen.h;decompress.h;util.h;trig.h;constants/songs.h;constants/sound.h,2805,src/fr/battle/intro.ts,PORTADO_EN_STATUS,DOC_PORTED_REVIEW_SCOPE,2,CB2_InitCopyrightScreenAfterTitleScreen;CB2_InitCopyrightScreenAfterBootup,1,CB2_InitCopyrightScreenAfterBootup,
../pokefirered/src/isagbprn.c,,stdarg.h;stdio.h;config.h;gba/gba.h;malloc.h;mini_printf.h,265,,SIN_MAPEO_NOMBRE_REVISAR,OUT_OF_SCOPE_DOCUMENTED,0,,0,,"Build-configurable GBA-to-printer emulator logging (AGB Print/no$gba/mGBA), fixed-address debug registers, WAITCNT timing and debug assertions/formatting. This is development/emulator instrumentation with no game or single-player runtime call path in the web port; no browser equivalent is needed for gameplay parity."
../pokefirered/src/item.c,../pokefirered/include/item.h,global.h;gflib.h;berry.h;event_data.h;item.h;item_use.h;load_save.h;quest_log.h;strings.h;constants/hold_effects.h;constants/items.h;constants/maps.h;data/items.h,680,,SIN_MAPEO_NOMBRE_REVISAR,DOC_PARTIAL_OR_ADAPTED,46,void;GetBerryCountString;CopyItemName;CopyItemNameHandlePlural;IsBagPocketNonEmpty;CheckBagHasItem;CheckBagHasSpace;RemoveBagItem;GetPocketByItemId;ClearItemSlots;CountUsedPCItemSlots;CheckPCHasItem;AddPCItem;SwapRegisteredBike;ItemId_GetName;ItemId_GetId;ItemId_GetPrice;ItemId_GetHoldEffect;ItemId_GetHoldEffectParam;ItemId_GetDescription;ItemId_CopyDescription;ItemId_GetImportance;ItemId_GetUnknownValue;ItemId_GetPocket;ItemId_GetType;ItemId_GetFieldFunc;ItemId_GetBattleUsage;ItemId_GetBattleFunc;ItemId_GetSecondaryId;ClearBag;ClearPCItemSlots;TrySetObtainedItemQuestLogEvent;AddBagItem;SortPocketAndPlaceHMsFirst;BagGetItemIdByPocketPosition;BagGetQuantityByPocketPosition;BagGetQuantityByItemId;BagPocketCompaction;GetPcItemQuantity;SetBagPocketsPointers;ItemPcCompaction;RemovePCItem;SortAndCompactBagPocket;CountItemsInPC;ApplyNewEncryptionKeyToBagItems_;HasAtLeastOneBerry,17,GetBerryCountString;CopyItemNameHandlePlural;IsBagPocketNonEmpty;CheckBagHasItem;CheckBagHasSpace;RemoveBagItem;GetPocketByItemId;ClearItemSlots;CountUsedPCItemSlots;CheckPCHasItem;AddPCItem;SwapRegisteredBike;ItemId_GetName;ItemId_GetId;ItemId_CopyDescription;ItemId_GetUnknownValue;ItemId_GetPocket;ItemId_GetSecondaryId;ClearBag;ClearPCItemSlots;TrySetObtainedItemQuestLogEvent;BagGetQuantityByItemId;GetPcItemQuantity;SetBagPocketsPointers;ItemPcCompaction;RemovePCItem;SortAndCompactBagPocket;CountItemsInPC;ApplyNewEncryptionKeyToBagItems_,"Core item metadata lookup, name/pocket, bag/PC add/remove/check/count/quantity and TM/HM logic are in pokemon/items.ts plus SaveData helpers; bag UI lifecycle in bagMenu.ts. Browser persists clear JSON quantities rather than encrypted GBA slots; several sorting, compaction, registered-bike swap, story-item Quest Log logging and lower-level C accessors are absent/differently placed. Marked partial; not full API parity."
../pokefirered/src/item_menu.c,../pokefirered/include/item_menu.h,global.h;gflib.h;bag.h;battle_controllers.h;berry_pouch.h;decompress.h;event_scripts.h;event_object_movement.h;field_player_avatar.h;graphics.h;help_system.h;item.h;item_menu.h;item_menu_icons.h;item_use.h;link.h;list_menu.h;load_save.h;mail_data.h;map_name_popup.h;menu.h;menu_indicators.h;money.h;new_menu_helpers.h;overworld.h;party_menu.h;pokemon_storage_system.h;scanline_effect.h;script.h;shop.h;strings.h;teachy_tv.h;tm_case.h;constants/items.h;constants/songs.h;constants/quest_log.h,2397,,SIN_MAPEO_NOMBRE_REVISAR,DOC_PARTIAL_OR_ADAPTED,16,CB2_SetUpReshowBattleScreenAfterMenu;ResetBagCursorPositions;InitPokedudeBag;CB2_BagMenuFromStartMenu;MoveItemSlotInList;ItemMenu_StartFadeToExitCallback;Bag_BeginCloseWin0Animation;ItemMenu_SetExitCallback;DisplayItemMessageInBag;Task_ReturnToBagFromContextMenu;CB2_BagMenuFromBattle;InitOldManBag;Pocket_CalculateNItemsAndMaxShowed;PocketCalculateInitialCursorPosAndItemsAbove;GoToBagMenu;UseRegisteredKeyItemOnField,15,InitPokedudeBag,
../pokefirered/src/item_menu_icons.c,../pokefirered/include/item_menu_icons.h,global.h;gflib.h;decompress.h;graphics.h;item_menu_icons.h;constants/items.h;data/item_icon_table.h,439,,SIN_MAPEO_NOMBRE_REVISAR,DOC_PORTED_REVIEW_SCOPE,14,ResetItemMenuIconState;CreateSwapLine;DestroyItemMenuIcon;CreateItemMenuIcon;CopyItemIconPicTo4x4Buffer;AddItemIconObject;AddItemIconObjectWithCustomObjectTemplate;CreateBerryPouchItemIcon;UpdateSwapLinePos;SetSwapLineInvisibility;SetBagVisualPocketId;ShakeBagSprite;GetItemIconGfxPtr;CreateBagSprite,12,CopyItemIconPicTo4x4Buffer;AddItemIconObjectWithCustomObjectTemplate,"Bag icon sprite, pocket switching, affine shake, nine-piece swap line, item/berry pouch icon positions, asset lookup and 24x24-to-32x32 tile padding are implemented in bagMenu.ts and used by bagMenu/berryPouch. Exported icon/frame data are consumed; heap allocation is adapted to typed arrays/sprite engine. AddItemIconObjectWithCustomObjectTemplate has no separate equivalent/caller found in active web paths. Source/header review only; no visual pixel parity check."
../pokefirered/src/item_pc.c,../pokefirered/include/item_pc.h,global.h;gflib.h;data.h;decompress.h;graphics.h;help_system.h;item.h;item_menu.h;item_menu_icons.h;list_menu.h;item_pc.h;item_use.h;menu.h;menu_helpers.h;menu_indicators.h;new_menu_helpers.h;party_menu.h;pc_screen_effect.h;scanline_effect.h;strings.h;task.h;text_window.h;constants/items.h;constants/quest_log.h;constants/songs.h,1145,,SIN_MAPEO_NOMBRE_REVISAR,DOC_PARTIAL_OR_ADAPTED,2,ItemPc_Init;ItemPc_SetInitializedFlag,0,ItemPc_Init;ItemPc_SetInitializedFlag,"Item storage withdraw/deposit is functional through the adapted playerPc.ts list and bag menu. item_pc.c graphics, cursor, animations and original menu state machine remain unported."
../pokefirered/src/item_use.c,../pokefirered/include/item_use.h,global.h;gflib.h;battle.h;berry_pouch.h;berry_powder.h;bike.h;coins.h;event_data.h;field_effect.h;field_fadetransition.h;event_object_movement.h;field_player_avatar.h;field_specials.h;field_weather.h;fieldmap.h;item.h;item_menu.h;item_use.h;itemfinder.h;mail.h;event_object_lock.h;metatile_behavior.h;new_menu_helpers.h;overworld.h;party_menu.h;quest_log.h;region_map.h;script.h;strings.h;task.h;teachy_tv.h;tm_case.h;vs_seeker.h;constants/sound.h;constants/items.h;constants/item_effects.h;constants/maps.h;constants/moves.h;constants/songs.h;constants/field_weather.h,925,,SIN_MAPEO_NOMBRE_REVISAR,UNREVIEWED,37,Task_ItemUse_CloseMessageBoxAndReturnToField_VsSeeker;ItemUse_SetQuestLogEvent;FieldUseFunc_Mail;FieldUseFunc_Bike;FieldUseFunc_Rod;FieldUseFunc_CoinCase;FieldUseFunc_PowderJar;FieldUseFunc_PokeFlute;FieldUseFunc_Medicine;FieldUseFunc_Ether;FieldUseFunc_PpUp;FieldUseFunc_RareCandy;FieldUseFunc_EvoItem;FieldUseFunc_SacredAsh;FieldUseFunc_TmCase;FieldUseFunc_BerryPouch;BattleUseFunc_BerryPouch;FieldUseFunc_TeachyTv;FieldUseFunc_Repel;FieldUseFunc_BlackWhiteFlute;FieldUseFunc_TownMap;FieldUseFunc_FameChecker;FieldUseFunc_VsSeeker;BattleUseFunc_PokeBallEtc;BattleUseFunc_PokeFlute;BattleUseFunc_StatBooster;BattleUseFunc_Medicine;BattleUseFunc_Ether;BattleUseFunc_PokeDoll;FieldUseFunc_OakStopsYou;ItemUseOutOfBattle_EscapeRope;ItemUseOutOfBattle_EnigmaBerry;ItemUseInBattle_EnigmaBerry;ItemUseOutOfBattle_Itemfinder;Task_UseDigEscapeRopeOnField;CanUseEscapeRopeOnCurrMap;CheckIfItemIsTMHMOrEvolutionStone,31,Task_ItemUse_CloseMessageBoxAndReturnToField_VsSeeker;ItemUse_SetQuestLogEvent;FieldUseFunc_OakStopsYou;ItemUseInBattle_EnigmaBerry;Task_UseDigEscapeRopeOnField;CanUseEscapeRopeOnCurrMap,
../pokefirered/src/itemfinder.c,../pokefirered/include/itemfinder.h,global.h;gflib.h;task.h;new_menu_helpers.h;strings.h;event_scripts.h;event_object_lock.h;script.h;event_data.h;field_player_avatar.h;field_specials.h;fieldmap.h;constants/songs.h,658,,SIN_MAPEO_NOMBRE_REVISAR,DOC_PARTIAL_OR_ADAPTED,1,ItemUseOnFieldCB_Itemfinder,1,,"Field menu implements hidden-item scan for current map, underfoot items, closest-item ranking, ding count/timing, sound/message, underfoot script and player facing. Missing C search across connected maps and arrow/star sprite animations/visual direction response. Marked partial; hidden items on adjacent map connections may not be detected."
../pokefirered/src/keyboard_text.c,../pokefirered/include/keyboard_text.h,global.h,64,src/fr/namingScreen.ts,SIN_MAPEO_NOMBRE_REVISAR,DOC_PORTED_REVIEW_SCOPE,0,,0,,"This file is text data only. step_cdata exports its definitions, and namingScreen.ts loads keyboard_text cdata through the decomp's sNamingScreenKeyboardText symbol refs. Union Room/Easy Chat consumers are outside the current single-player route; this C data unit itself is exported."
../pokefirered/src/learn_move.c,,global.h;gflib.h;script.h;task.h;data.h;trig.h;field_fadetransition.h;overworld.h;new_menu_helpers.h;menu.h;list_menu.h;event_data.h;text_window.h;pokemon_summary_screen.h;graphics.h;strings.h;constants/songs.h;constants/moves.h,932,,SIN_MAPEO_NOMBRE_REVISAR,DOC_PARTIAL_OR_ADAPTED,0,,0,,"menus/moveRelearner.ts ports source BG/window templates, exported graphics/palette, move info panel and source ListMenu. The C YesNoMenu/template handles teach/quit, with B as No. Full-move replacement uses the real summary selector and updates move PP/bonus. Message helper matches source fanfare starts/replays and waits for fanfare plus final A. Typecheck/build/resource-key checks pass; fade/task transitions, dedicated sprites/animations and browser visual check remain."
../pokefirered/src/librfu_intr.c,,librfu.h,417,,FUERA_DE_ALCANCE_CANDIDATO,OUT_OF_SCOPE_CANDIDATE,0,,0,,
../pokefirered/src/librfu_rfu.c,,limits.h;librfu.h;sloopsvc.h,2342,,FUERA_DE_ALCANCE_CANDIDATO,OUT_OF_SCOPE_CANDIDATE,0,,0,,
../pokefirered/src/librfu_sio32id.c,,librfu.h,170,,FUERA_DE_ALCANCE_CANDIDATO,OUT_OF_SCOPE_CANDIDATE,0,,0,,
../pokefirered/src/librfu_stwi.c,,librfu.h,650,,FUERA_DE_ALCANCE_CANDIDATO,OUT_OF_SCOPE_CANDIDATE,0,,0,,
../pokefirered/src/link.c,../pokefirered/include/link.h,global.h;gflib.h;m4a.h;scanline_effect.h;bg_regs.h;decompress.h;save.h;battle.h;quest_log.h;link_rfu.h;librfu.h;random.h;task.h;event_data.h;item_menu.h;trade.h;menu.h;overworld.h;new_menu_helpers.h;link.h;graphics.h;strings.h;help_system.h;reset_save_heap.h;constants/battle.h;constants/songs.h;sloopsvc.h,2202,,FUERA_DE_ALCANCE_CANDIDATO,OUT_OF_SCOPE_CANDIDATE,60,Task_DestroySelf;OpenLink;CloseLink;LinkMain2;ClearLinkCallback;ClearLinkCallback_2;GetLinkPlayerCount;OpenLinkTimed;GetLinkPlayerDataExchangeStatusTimed;IsLinkPlayerDataExchangeComplete;GetLinkPlayerTrainerId;ResetLinkPlayers;GetMultiplayerId;BitmaskAllOtherLinkPlayers;SendBlock;GetBlockReceivedStatus;ResetBlockReceivedFlags;ResetBlockReceivedFlag;SetLinkDebugValues;GetSavedPlayerCount;GetLinkPlayerCount_2;IsLinkMaster;CB2_LinkError;GetSioMultiSI;IsLinkConnectionEstablished;SetSuppressLinkErrorMessage;HasLinkErrorOccurred;ResetSerial;LinkMain1;RfuVSync;Timer3Intr;SerialCB;InUnionRoom;SetLinkStandbyCallback;SetWirelessCommType1;SetCloseLinkCallback;CheckShouldAdvanceLinkState;SetCloseLinkCallbackAndType;IsLinkTaskFinished;IsLinkRecvQueueAtOverworldMax;LoadWirelessStatusIndicatorSpriteGfx;CreateWirelessStatusIndicatorSprite;StartSendingKeysToLink;Rfu_SetLinkStandbyCallback;ConvertLinkPlayerName;IsWirelessAdapterConnected;SendBlockRequest;LinkVSync;HandleLinkConnection;LocalLinkPlayerToBlock;LinkPlayerFromBlock;SetLinkErrorFromRfu;GetLinkPlayerCountAsBitFlags;ResetLinkPlayerCount;SaveLinkPlayers;GetSavedLinkPlayerCountAsBitFlags;CheckLinkPlayersMatchSaved;SetLocalLinkPlayerId;IsSendingKeysToLink;GetLinkRecvQueueLength,2,Task_DestroySelf;OpenLink;LinkMain2;ClearLinkCallback;ClearLinkCallback_2;GetLinkPlayerCount;OpenLinkTimed;GetLinkPlayerDataExchangeStatusTimed;IsLinkPlayerDataExchangeComplete;GetLinkPlayerTrainerId;ResetLinkPlayers;GetMultiplayerId;BitmaskAllOtherLinkPlayers;SendBlock;GetBlockReceivedStatus;ResetBlockReceivedFlags;ResetBlockReceivedFlag;SetLinkDebugValues;GetSavedPlayerCount;GetLinkPlayerCount_2;IsLinkMaster;CB2_LinkError;GetSioMultiSI;IsLinkConnectionEstablished;SetSuppressLinkErrorMessage;HasLinkErrorOccurred;ResetSerial;LinkMain1;RfuVSync;Timer3Intr;SerialCB;InUnionRoom;SetLinkStandbyCallback;SetWirelessCommType1;SetCloseLinkCallback;CheckShouldAdvanceLinkState;SetCloseLinkCallbackAndType;IsLinkTaskFinished;IsLinkRecvQueueAtOverworldMax;LoadWirelessStatusIndicatorSpriteGfx;CreateWirelessStatusIndicatorSprite;StartSendingKeysToLink;Rfu_SetLinkStandbyCallback;ConvertLinkPlayerName;SendBlockRequest;LinkVSync;HandleLinkConnection;LocalLinkPlayerToBlock;LinkPlayerFromBlock;SetLinkErrorFromRfu;GetLinkPlayerCountAsBitFlags;ResetLinkPlayerCount;SaveLinkPlayers;GetSavedLinkPlayerCountAsBitFlags;CheckLinkPlayersMatchSaved;SetLocalLinkPlayerId;IsSendingKeysToLink;GetLinkRecvQueueLength,
../pokefirered/src/link_rfu_2.c,,global.h;gflib.h;librfu.h;battle.h;link.h;link_rfu.h;mystery_gift_menu.h;overworld.h;quest_log.h;random.h;task.h;constants/union_room.h;sloopsvc.h;help_system.h;reset_save_heap.h;m4a.h;gba/m4a_internal.h,3163,,FUERA_DE_ALCANCE_CANDIDATO,OUT_OF_SCOPE_CANDIDATE,0,,0,,
../pokefirered/src/link_rfu_3.c,,global.h;gflib.h;decompress.h;event_data.h;link.h;link_rfu.h;random.h,1192,,FUERA_DE_ALCANCE_CANDIDATO,OUT_OF_SCOPE_CANDIDATE,0,,0,,
../pokefirered/src/list_menu.c,../pokefirered/include/list_menu.h,global.h;gflib.h;menu.h;list_menu.h;menu_indicators.h;new_menu_helpers.h;text_window.h;task.h;graphics.h;strings.h;pokemon_icon.h;constants/songs.h,758,src/fr/hw/listMenu.ts,CANDIDATO_TS_MISMO_NOMBRE,DOC_PORTED_REVIEW_SCOPE,12,d;DoMysteryGiftListMenu;ListMenuInit;ListMenuInitInRect;ListMenu_ProcessInput;DestroyListMenuTask;RedrawListMenu;ListMenuGetScrollAndRow;ListMenuGetYCoordForPrintingArrowCursor;ListMenuOverrideSetColors;ListMenuDefaultCursorMoveFunc;ListMenuSetTemplateField,11,DoMysteryGiftListMenu,"Core list lifecycle and input, scrolling/window updates, cursor colors/position, template access, standard palettes, Pokémon icon blit and move/type info icons are represented by hw/listMenu.ts and shared icon code. DoMysteryGiftListMenu is omitted as a Mystery Gift-specific wrapper; it is outside the active single-player path. Canvas/window and sprite API adaptations; source review only, no visual comparison."
../pokefirered/src/load_save.c,../pokefirered/include/load_save.h,global.h;gflib.h;gba/flash_internal.h;load_save.h;pokemon.h;pokemon_storage_system.h;random.h;item.h;save_location.h;berry_powder.h;overworld.h;quest_log.h;sloopsvc.h,298,,SIN_MAPEO_NOMBRE_REVISAR,DOC_PARTIAL_OR_ADAPTED,25,ClearSav2;ClearSav1;CheckForFlashMemory;MoveSaveBlocks_ResetHeap;GetSecretBase2Field_9;ClearSecretBase2Field_9;SetSecretBase2Field_9;SetSecretBase2Field_9_AndHideBG;ClearSecretBase2Field_9_2;SavePlayerParty;LoadPlayerParty;SaveSerializedGame;LoadSerializedGame;LoadPlayerBag;SavePlayerBag;SetSaveBlocksPointers;ApplyNewEncryptionKeyToAllEncryptedData;ApplyNewEncryptionKeyToBagItems;ApplyNewEncryptionKeyToWord;ApplyNewEncryptionKeyToHword;ClearContinueGameWarpStatus2;SetContinueGameWarpStatusToDynamicWarp;SetContinueGameWarpStatus;UseContinueGameWarp;ClearContinueGameWarpStatus,5,ClearSav2;ClearSav1;CheckForFlashMemory;MoveSaveBlocks_ResetHeap;GetSecretBase2Field_9;ClearSecretBase2Field_9;SetSecretBase2Field_9;SetSecretBase2Field_9_AndHideBG;ClearSecretBase2Field_9_2;SaveSerializedGame;LoadSerializedGame;SavePlayerBag;SetSaveBlocksPointers;ApplyNewEncryptionKeyToAllEncryptedData;ApplyNewEncryptionKeyToBagItems;ApplyNewEncryptionKeyToWord;ApplyNewEncryptionKeyToHword;ClearContinueGameWarpStatus2;SetContinueGameWarpStatusToDynamicWarp;ClearContinueGameWarpStatus,"Game-state persistence is represented by SaveData/saveStore in save.ts: party, boxes, bag, flags/vars, options, stats and warp data round-trip as JSON through localStorage. The GBA SaveBlock layout, bag/mail staging arrays, encryption-key migration, checksums, RAM relocation/heap reset and Flash health checks are not ported. load() only checks parseability and version 2; corrupted/incompatible web saves are not repaired. Source review only."
../pokefirered/src/m4a.c,../pokefirered/include/m4a.h,global.h;gba/m4a_internal.h,1781,src/fr/audio/m4a.ts,CANDIDATO_TS_MISMO_NOMBRE,UNREVIEWED,13,m4aSoundVSync;m4aSoundVSyncOn;m4aSoundInit;m4aSoundMain;m4aSongNumStart;m4aSongNumStartOrChange;m4aSongNumStop;m4aMPlayAllStop;m4aMPlayContinue;m4aMPlayFadeOut;m4aMPlayFadeOutTemporarily;m4aMPlayFadeIn;m4aMPlayImmInit,2,m4aSoundVSync;m4aSoundVSyncOn;m4aSoundInit;m4aSongNumStart;m4aSongNumStartOrChange;m4aMPlayAllStop;m4aMPlayContinue;m4aMPlayFadeOut;m4aMPlayFadeOutTemporarily;m4aMPlayFadeIn;m4aMPlayImmInit,
../pokefirered/src/m4a_tables.c,,gba/m4a_internal.h,308,,SIN_MAPEO_NOMBRE_REVISAR,DOC_PARTIAL_OR_ADAPTED,0,,0,,"The exporter emits m4a_tables.json (MPlay jump/XCMD tables, frequency/scale/noise tables, PCM sample-rate table and cry template). TS audio/m4a.ts has its own WebAudio sequencer and does not consume these C tables or implement the hardware MPlay dispatch/synthesis path. Songs/samples load, but precise M4A pitch/timing/audio parity is a fidelity gap, not a single-player progression rule. Source review only."
../pokefirered/src/mail.c,../pokefirered/include/mail.h,global.h;gflib.h;scanline_effect.h;palette.h;text_window.h;easy_chat.h;mail.h;task.h;menu.h;mail_data.h;player_pc.h;overworld.h;help_system.h;menu_helpers.h;new_menu_helpers.h;graphics.h;pokemon_icon.h;string_util.h;strings.h;constants/items.h,734,src/fr/pokemon/mail.ts,CANDIDATO_TS_MISMO_NOMBRE,DOC_PARTIAL_OR_ADAPTED,1,ReadMail,1,,"ReadMail is exposed from the party menu through menus/mailView.ts, which presents item, decoded Easy Chat lines and author via a simplified field-menu adapter. mail.ts models Easy Chat words, message lines and held-mail transfer data. C's hardware mail screen/task sequence and Easy Chat authoring are not ported faithfully. Partial; no runtime/UI comparison."
../pokefirered/src/mail_data.c,../pokefirered/include/mail_data.h,global.h;gflib.h;mail.h;mail_data.h;constants/items.h;pokemon_icon.h,187,,SIN_MAPEO_NOMBRE_REVISAR,DOC_PARTIAL_OR_ADAPTED,11,ClearMailData;ClearMailStruct;MonHasMail;GiveMailToMon;SpeciesToMailSpecies;MailSpeciesToSpecies;GiveMailToMon2;TakeMailFromMon;ClearMailItemId;TakeMailFromMon2;ItemIsMail,5,ClearMailData;ClearMailStruct;MonHasMail;SpeciesToMailSpecies;GiveMailToMon2;ClearMailItemId,"ItemIsMail, blank mail, display, take-to-bag/PC and mail-reader flows are represented by pokemon/mail.ts, partyMenu and playerPc. TS stores message inline on the Pokémon/PC mail slot instead of C's MAIL_COUNT (party + 10) SaveBlock array and doesn't map SpeciesToMailSpecies/MailSpeciesToSpecies for Unown forms. Easy Chat writing is still absent, so new mail is blank; link trade mail import remains adapted."
../pokefirered/src/mailbox_pc.c,../pokefirered/include/mailbox_pc.h,global.h;gflib.h;menu.h;new_menu_helpers.h;list_menu.h;player_pc.h;strings.h;menu_indicators.h;constants/songs.h,140,,SIN_MAPEO_NOMBRE_REVISAR,DOC_PARTIAL_OR_ADAPTED,7,MailboxPC_InitBuffers;MailboxPC_GetAddWindow;MailboxPC_RemoveWindow;MailboxPC_GetWindowId;MailboxPC_InitListMenu;MailboxPC_AddScrollIndicatorArrows;MailboxPC_DestroyListMenuBuffer,0,MailboxPC_InitBuffers;MailboxPC_GetAddWindow;MailboxPC_RemoveWindow;MailboxPC_GetWindowId;MailboxPC_InitListMenu;MailboxPC_AddScrollIndicatorArrows;MailboxPC_DestroyListMenuBuffer,"PC mailbox now lists persisted PC mail (up to 10), reads it, moves it to the bag with message loss, and gives it to an eligible party mon. Uses simplified hardware-choice menus; exact native ListMenu/window styling and Japanese author formatting remain unverified."
../pokefirered/src/main.c,../pokefirered/include/main.h,global.h;gflib.h;link.h;link_rfu.h;load_save.h;m4a.h;random.h;gba/flash_internal.h;help_system.h;new_menu_helpers.h;overworld.h;play_time.h;intro.h;battle_controllers.h;scanline_effect.h;save_failed_screen.h;quest_log.h;sloopsvc.h,494,src/fr/battle/main.ts,CANDIDATO_TS_MISMO_NOMBRE,DOC_PARTIAL_OR_ADAPTED,17,void;AgbMain;SetMainCallback2;InitKeys;SetVBlankCallback;SetHBlankCallback;SetVCountCallback;SetSerialCallback;InitFlashTimer;DoSoftReset;ClearPokemonCrySongs;RestoreSerialTimer3IntrHandlers;SetVBlankCounter1Ptr;DisableVBlankCounter1;StartTimer1;SeedRngAndSetTrainerId;GetGeneratedTrainerIdLower,5,AgbMain;InitKeys;SetVCountCallback;SetSerialCallback;InitFlashTimer;ClearPokemonCrySongs;RestoreSerialTimer3IntrHandlers;SetVBlankCounter1Ptr;DisableVBlankCounter1;StartTimer1;SeedRngAndSetTrainerId;GetGeneratedTrainerIdLower,"hw/runtime.ts models gMain callbacks, frame scene stepping and VBlank/HBlank callback hooks; startup flow is separate. Missing GBA interrupt vector/register setup, real link/RFU receive/send gates, soft-reset hardware path, flash checks, sound-engine scheduling and init sequence. Browser uses requestAnimationFrame/Canvas/WebAudio. Marked partial; no need to port hardware-specific loop wholesale."
../pokefirered/src/main_menu.c,../pokefirered/include/main_menu.h,global.h;gflib.h;scanline_effect.h;task.h;save.h;event_data.h;menu.h;link.h;oak_speech.h;overworld.h;quest_log.h;mystery_gift_menu.h;strings.h;title_screen.h;help_system.h;pokedex.h;text_window.h;text_window_graphics.h;constants/songs.h,788,src/fr/mainMenu.ts,PORTADO_EN_STATUS,DOC_PORTED_REVIEW_SCOPE,1,CB2_InitMainMenu,1,,
../pokefirered/src/malloc.c,../pokefirered/include/malloc.h,global.h,224,,SIN_MAPEO_NOMBRE_REVISAR,OUT_OF_SCOPE_DOCUMENTED,5,e;Alloc;AllocZeroed;Free;InitHeap,2,Alloc;Free;InitHeap,"Implements the intrusive fixed EWRAM heap allocator (block headers, alignment/splitting/coalescing, zeroing and integrity checks). The web port allocates typed arrays/objects through JavaScript and garbage collection; there is no addressable fixed GBA heap to reproduce. This excludes allocator internals only; it does not establish parity for allocation-failure paths or memory-pressure behavior in callers."
../pokefirered/src/map_name_popup.c,../pokefirered/include/map_name_popup.h,global.h;gflib.h;task.h;event_data.h;text_window.h;quest_log.h;region_map.h;strings.h,231,src/fr/field/mapNamePopup.ts,CANDIDATO_TS_MISMO_NOMBRE,DOC_PARTIAL_OR_ADAPTED,2,ShowMapNamePopup;DismissMapNamePopup,0,ShowMapNamePopup;DismissMapNamePopup,"MapNamePopup maps the name/floor text, window dimensions, reshow, 24px slide and 120-frame hold. It uses Canvas windows instead of the BG0/DMA/window frame path; ignores palIntoFadedBuffer and does not suppress during Quest Log playback. Map transitions call it from overworld.ts. Source review only; animation timing not run in browser."
../pokefirered/src/map_preview_screen.c,../pokefirered/include/map_preview_screen.h,global.h;gflib.h;quest_log.h;new_menu_helpers.h;region_map.h;menu.h;field_fadetransition.h;field_weather.h;script.h;overworld.h;event_data.h;map_preview_screen.h;constants/region_map_sections.h,616,src/fr/mapPreviewScreen.ts,PORTADO_EN_STATUS,DOC_PORTED_REVIEW_SCOPE,12,MapPreview_CreateMapNameWindow;MapPreview_SetFlag;MapPreview_GetDuration;MapHasPreviewScreen;ForestMapPreviewScreenIsRunning;GetDungeonMapPreviewScreenInfo;MapHasPreviewScreen_HandleQLState2;MapPreview_InitBgs;MapPreview_LoadGfx;MapPreview_IsGfxLoadFinished;MapPreview_Unload;MapPreview_StartForestTransition,6,ForestMapPreviewScreenIsRunning;MapPreview_InitBgs;MapPreview_LoadGfx;MapPreview_IsGfxLoadFinished;MapPreview_Unload;MapPreview_StartForestTransition,
../pokefirered/src/math_util.c,../pokefirered/include/math_util.h,global.h;math_util.h,87,src/fr/mathUtil.ts,SIN_MAPEO_NOMBRE_REVISAR,DOC_PORTED_REVIEW_SCOPE,9,Q_8_8_mul;Q_N_S_mul;Q_24_8_mul;Q_8_8_div;Q_N_S_div;Q_24_8_div;Q_8_8_inv;Q_N_S_inv;Q_24_8_inv,9,,"Ported all nine Q_8_8/Q_N_S/Q_24_8 multiply, divide and inverse helpers to src/fr/mathUtil.ts; 64-bit intermediates use BigInt. Oak speech now uses shared Q_8_8_inv. npm run check:port passes; no numeric runtime parity harness was run."
../pokefirered/src/menu.c,../pokefirered/include/menu.h,global.h;gflib.h;menu.h;menu_helpers.h;strings.h;text_window.h;constants/songs.h,872,src/fr/hw/menu.ts;src/fr/menus/menu.ts,CANDIDATO_TS_MISMO_NOMBRE,DOC_PARTIAL_OR_ADAPTED,42,d;AddTextPrinterParameterized3;AddTextPrinterParameterized4;AddTextPrinterParameterized5;Menu_PrintFormatIntlPlayerName;StartBlendTask;IsBlendTaskActive;Menu2_GetMonPosAttribute;Menu2_GetStarSpritePosAttribute;ListMenu_LoadMonIconPalette;ListMenu_DrawMonIconGraphics;ListMenuLoadStdPalAt;BlitMenuInfoIcon;Menu_ProcessInputGridLayout;MultichoiceGrid_InitCursor;MultichoiceGrid_PrintItems;DestroyYesNoMenu;Menu_ProcessInputNoWrapClearOnChoose;CreateYesNoMenu;AddItemMenuActionTextPrinters;PrintMenuTable;MultichoiceList_PrintItems;PrintTextArray;Menu_ProcessInputNoWrapAround_other;Menu_ProcessInput_other;Menu_ProcessInputNoWrapAround;Menu_ProcessInput;Menu_GetCursorPos;Menu_MoveCursorNoWrapAround;Menu_MoveCursor;Menu_InitCursor;Menu_InitCursorInternal;TopBarWindowPrintTwoStrings;TopBarWindowPrintString;ClearTopBarWindow;DestroyTopBarWindow;CreateTopBarWindowLoadPalette;ClearStdWindowAndFrameToTransparent;DrawStdFrameWithCustomTileAndPalette;ClearDialogWindowAndFrameToTransparent;DrawDialogFrameWithCustomTileAndPalette;SetWindowTemplateFields,31,Menu_PrintFormatIntlPlayerName;IsBlendTaskActive;Menu2_GetMonPosAttribute;Menu2_GetStarSpritePosAttribute;ListMenu_LoadMonIconPalette;MultichoiceGrid_InitCursor;MultichoiceGrid_PrintItems;PrintMenuTable;MultichoiceList_PrintItems;PrintTextArray;SetWindowTemplateFields,"Menu cursor movement/input, yes-no UI, std/dialog frames, top bar and item action text helpers are distributed across hw/menu.ts and menuHelpers.ts. Header gaps include grid multichoice cursor/printing, generic array/table printers, intl-name formatting and window-template field setter; APIs also adapt from VRAM/window tasks to Canvas/hardware scenes. Partial; no full menu parity pass."
../pokefirered/src/menu2.c,,global.h;gflib.h;task.h;wild_encounter.h;constants/menu.h,671,,SIN_MAPEO_NOMBRE_REVISAR,DOC_PARTIAL_OR_ADAPTED,0,,0,,"This file contains the per-species/per-Unown stat-page sprite positions plus StartBlendTask/IsBlendTaskActive. menu2.c cdata is exported, but no active TS consumer or equivalents for Menu2_GetMonPosAttribute, GetStarSpritePosAttribute or the blend task were found. Marked partial; stat-page sprite placement and blend transitions remain gaps. Code/data lookup only."
../pokefirered/src/menu_helpers.c,../pokefirered/include/menu_helpers.h,global.h;gflib.h;task.h;menu.h;menu_helpers.h;new_menu_helpers.h;link.h;overworld.h;mail_data.h;field_specials.h;constants/songs.h;constants/items.h;constants/maps.h,243,src/fr/hw/menuHelpers.ts,CANDIDATO_TS_MISMO_NOMBRE,DOC_PARTIAL_OR_ADAPTED,15,RunTextPrinters_CheckActive;IsActiveOverworldLinkBusy;MenuHelpers_ShouldWaitForLinkRecv;MenuHelpers_IsLinkActive;SetVBlankHBlankCallbacksToNull;ResetAllBgsCoordinatesAndBgCntRegs;GetDialogBoxFontId;AdjustQuantityAccordingToDPadInput;DisplayMessageAndContinueTask;CreateYesNoMenuWithCallbacks;GetLRKeysPressed;GetLRKeysPressedAndHeld;IsHoldingItemAllowed;IsWritingMailAllowed;ResetVramOamAndBgCntRegs,11,IsActiveOverworldLinkBusy;MenuHelpers_ShouldWaitForLinkRecv;SetVBlankHBlankCallbacksToNull;ResetVramOamAndBgCntRegs,"Most single-player helpers are present in hw/menuHelpers.ts: task-after-printer, yes/no callbacks, L/R controls, quantity changes, dialog font and BG resets. Link queue/wait/callback reset APIs have no equivalent; link handlers are inert for this web scope. IsHoldingItemAllowed and IsWritingMailAllowed always allow operations because there is no active link state, so this does not mirror link restrictions. Source review only."
../pokefirered/src/menu_indicators.c,../pokefirered/include/menu_indicators.h,global.h;gflib.h;task.h;decompress.h;trig.h;list_menu.h;menu_indicators.h,656,,SIN_MAPEO_NOMBRE_REVISAR,DOC_PORTED_REVIEW_SCOPE,9,AddScrollIndicatorArrowPairParameterized;AddScrollIndicatorArrowPair;RemoveScrollIndicatorArrowPair;ListMenuAddCursorObjectInternal;ListMenuAddRedOutlineCursorObject;ListMenuUpdateRedOutlineCursorObject;ListMenuRemoveRedOutlineCursorObject;ListMenuRemoveCursorObject;ListMenuUpdateCursorObject,7,ListMenuUpdateRedOutlineCursorObject;ListMenuRemoveRedOutlineCursorObject,"Scroll arrow pair visibility/bounce thresholds, sine-table sprite motion, red outline cursor subsprites, red arrow cursor and add/update/remove lifecycle are implemented with source graphics in hw/listMenu.ts, with consumers across menus. Hardware OAM is adapted to browser sprite scene. Source mapping review only; no pixel comparison."
../pokefirered/src/metatile_behavior.c,../pokefirered/include/metatile_behavior.h,global.h;metatile_behavior.h;constants/metatile_behaviors.h,1039,src/fr/generated/metatileBehavior.ts,CANDIDATO_TS_MISMO_NOMBRE,UNREVIEWED,132,MetatileBehavior_IsATile;MetatileBehavior_IsJumpEast;MetatileBehavior_IsJumpWest;MetatileBehavior_IsJumpNorth;MetatileBehavior_IsJumpSouth;MetatileBehavior_IsPokeGrass;MetatileBehavior_IsSand;MetatileBehavior_IsSandOrShallowFlowingWater;MetatileBehavior_IsDeepSand;MetatileBehavior_IsReflective;MetatileBehavior_IsIce;MetatileBehavior_IsWarpDoor;MetatileBehavior_IsWarpDoor_2;MetatileBehavior_IsEscalator;MetatileBehavior_IsDirectionalUpRightStairWarp;MetatileBehavior_IsDirectionalUpLeftStairWarp;MetatileBehavior_IsDirectionalDownRightStairWarp;MetatileBehavior_IsDirectionalDownLeftStairWarp;MetatileBehavior_IsDirectionalStairWarp;MetatileBehavior_IsLadder;MetatileBehavior_IsNonAnimDoor;MetatileBehavior_IsDeepSouthWarp;MetatileBehavior_IsSurfable;MetatileBehavior_IsFastWater;MetatileBehavior_IsEastArrowWarp;MetatileBehavior_IsWestArrowWarp;MetatileBehavior_IsNorthArrowWarp;MetatileBehavior_IsSouthArrowWarp;MetatileBehavior_IsForcedMovementTile;MetatileBehavior_IsIce_2;MetatileBehavior_IsTrickHouseSlipperyFloor;MetatileBehavior_IsWalkNorth;MetatileBehavior_IsWalkSouth;MetatileBehavior_IsWalkWest;MetatileBehavior_IsWalkEast;MetatileBehavior_IsNorthwardCurrent;MetatileBehavior_IsSouthwardCurrent;MetatileBehavior_IsWestwardCurrent;MetatileBehavior_IsEastwardCurrent;MetatileBehavior_IsSlideNorth;MetatileBehavior_IsSlideSouth;MetatileBehavior_IsSlideWest;MetatileBehavior_IsSlideEast;MetatileBehavior_IsCounter;MetatileBehavior_IsPlayerFacingTVScreen;MetatileBehavior_IsPC;MetatileBehavior_HasRipples;MetatileBehavior_IsPuddle;MetatileBehavior_IsTallGrass;MetatileBehavior_IsLongGrass;MetatileBehavior_IsAshGrass;MetatileBehavior_IsFootprints;MetatileBehavior_IsBridge;MetatileBehavior_GetBridgeType;MetatileBehavior_IsIndoorEncounter;MetatileBehavior_IsMountain;MetatileBehavior_IsDiveable;MetatileBehavior_IsUnableToEmerge;MetatileBehavior_IsShallowFlowingWater;MetatileBehavior_IsThinIce;MetatileBehavior_IsCrackedIce;MetatileBehavior_IsDeepWaterTerrain;MetatileBehavior_IsSurfableAndNotWaterfall;MetatileBehavior_IsEastBlocked;MetatileBehavior_IsWestBlocked;MetatileBehavior_IsNorthBlocked;MetatileBehavior_IsSouthBlocked;MetatileBehavior_IsShortGrass;MetatileBehavior_IsHotSprings;MetatileBehavior_IsWaterfall;MetatileBehavior_IsFortreeBridge;MetatileBehavior_IsPacifidlogLog;MetatileBehavior_IsRegionMap;MetatileBehavior_IsLavaridgeB1FWarp;MetatileBehavior_IsLavaridge1FWarp;MetatileBehavior_IsWarpPad;MetatileBehavior_IsUnionRoomWarp;MetatileBehavior_IsWater;MetatileBehavior_IsFallWarp;MetatileBehavior_IsCrackedFloor;MetatileBehavior_IsCyclingRoadPullDownTile;MetatileBehavior_IsCyclingRoadPullDownTileGrass;MetatileBehavior_IsBumpySlope;MetatileBehavior_IsIsolatedVerticalRail;MetatileBehavior_IsIsolatedHorizontalRail;MetatileBehavior_IsVerticalRail;MetatileBehavior_IsHorizontalRail;MetatileBehavior_IsSeaweed;MetatileBehavior_IsRunningDisallowed;MetatileBehavior_IsBookshelf;MetatileBehavior_IsPokeMartShelf;MetatileBehavior_IsPlayerFacingPokemonCenterSign;MetatileBehavior_IsPlayerFacingPokeMartSign;TestMetatileAttributeBit;MetatileBehavior_IsSpinRight;MetatileBehavior_IsSpinLeft;MetatileBehavior_IsSpinUp;MetatileBehavior_IsSpinDown;MetatileBehavior_IsStopSpinning;MetatileBehavior_IsSpinTile;MetatileBehavior_IsSignpost;MetatileBehavior_IsCabinet;MetatileBehavior_IsKitchen;MetatileBehavior_IsDresser;MetatileBehavior_IsSnacks;MetatileBehavior_IsStrengthButton;MetatileBehavior_IsPlayerFacingCableClubWirelessMonitor;MetatileBehavior_IsPlayerFacingBattleRecords;MetatileBehavior_IsQuestionnaire;MetatileBehavior_IsIndigoPlateauSign1;MetatileBehavior_IsIndigoPlateauSign2;MetatileBehavior_IsFood;MetatileBehavior_IsRockStairs;MetatileBehavior_IsBlueprints;MetatileBehavior_IsPainting;MetatileBehavior_IsPowerPlantMachine;MetatileBehavior_IsTelephone;MetatileBehavior_IsComputer;MetatileBehavior_IsAdvertisingPoster;MetatileBehavior_IsTastyFood;MetatileBehavior_IsTrashBin;MetatileBehavior_IsCup;MetatileBehavior_IsPolishedWindow;MetatileBehavior_IsBeautifulSkyWindow;MetatileBehavior_IsBlinkingLights;MetatileBehavior_IsNeatlyLinedUpTools;MetatileBehavior_IsImpressiveMachine;MetatileBehavior_IsVideoGame;MetatileBehavior_IsBurglary;MetatileBehavior_IsTrainerTowerMonitor;MetatileBehavior_IsSecretBaseJumpMat;MetatileBehavior_IsSecretBaseSpinMat,132,,
../pokefirered/src/mini_printf.c,../pokefirered/include/mini_printf.h,mini_printf.h;gba/types.h;gba/defines.h;config.h;characters.h;string_util.h,355,,SIN_MAPEO_NOMBRE_REVISAR,OUT_OF_SCOPE_DOCUMENTED,2,mini_vsnprintf;mini_vpprintf,0,mini_vsnprintf;mini_vpprintf,Minimal snprintf/printf implementation is only consumed by isagbprn.c's emulator debug printer and SWI logger; neither has a gameplay caller. OOS for a browser single-player game.
../pokefirered/src/minigame_countdown.c,../pokefirered/include/minigame_countdown.h,global.h;gflib.h;decompress.h;task.h;trig.h;constants/songs.h,332,,SIN_MAPEO_NOMBRE_REVISAR,OUT_OF_SCOPE_DOCUMENTED,2,StartMinigameCountdown;IsMinigameCountdownRunning,0,StartMinigameCountdown;IsMinigameCountdownRunning,"3-2-1/START sprite countdown used only by Berry Crush, Dodrio Berry Picking and Pokémon Jump communication/link minigames (callers in berry_crush.c, dodrio_berry_picking.c and pokemon_jump.c). No single-player story or standalone gameplay caller; multiplayer minigames are outside the current single-player port scope."
../pokefirered/src/mon_markings.c,../pokefirered/include/mon_markings.h,global.h;gflib.h;text_window_graphics.h;mon_markings.h;graphics.h;constants/songs.h,605,src/fr/monMarkings.ts,PORTADO_EN_STATUS,DOC_PORTED_REVIEW_SCOPE,8,InitMonMarkingsMenu;BufferMonMarkingsMenuTiles;OpenMonMarkingsMenu;FreeMonMarkingsMenu;HandleMonMarkingsMenuInput;CreateMonMarkingAllCombosSprite;CreateMonMarkingComboSprite;UpdateMonMarkingTiles,8,,
../pokefirered/src/money.c,../pokefirered/include/money.h,global.h;gflib.h;event_data.h;menu.h;text_window.h;strings.h,136,,SIN_MAPEO_NOMBRE_REVISAR,DOC_PARTIAL_OR_ADAPTED,15,GetMoney;SetMoney;IsEnoughMoney;AddMoney;RemoveMoney;IsEnoughForCostInVar0x8005;SubtractMoneyFromVar0x8005;PrintMoneyAmountInMoneyBox;PrintMoneyAmountInMoneyBoxWithBorder;ChangeAmountInMoneyBox;DrawMoneyBox;HideMoneyBox;AddMoneyLabelObject;RemoveMoneyLabelObject;PrintMoneyAmount,6,GetMoney;SetMoney;IsEnoughMoney;RemoveMoney;ChangeAmountInMoneyBox;DrawMoneyBox;HideMoneyBox;AddMoneyLabelObject;RemoveMoneyLabelObject,"Core add/remove/can-afford behavior is represented in pokemon/items.ts, including the 999999 cap and zero floor; money formatting/labels and a Canvas money box exist in hw/menuHelpers.ts and scriptMenu.ts. Save money is plain TS state (C encrypts through a pointer/key), and the C Draw/Hide lifecycle plus label-object APIs are not exact hardware ports. Keep partial/adapted; shop transactions use the shared arithmetic."
../pokefirered/src/move_descriptions.c,,global.h;constants/moves.h,714,,SIN_MAPEO_NOMBRE_REVISAR,DOC_PORTED_REVIEW_SCOPE,0,,0,,"Data-only C unit: all 355 definitions, including gMoveDescriptionPointers, are present in exported move_descriptions cdata. moveRelearner.ts and pokemonSummaryScreen.ts load that cdata and resolve the source symbol refs to rom.text/resolveText. No local description copies were found. Source/data path reviewed; text rendering parity was not run."
../pokefirered/src/multiboot.c,../pokefirered/include/multiboot.h,global.h;multiboot.h,416,,SIN_MAPEO_NOMBRE_REVISAR,OUT_OF_SCOPE_DOCUMENTED,5,MultiBootInit;MultiBootMain;MultiBootStartProbe;MultiBootStartMaster;MultiBootCheckComplete,0,MultiBootInit;MultiBootMain;MultiBootStartProbe;MultiBootStartMaster;MultiBootCheckComplete,"GBA multiboot transfer protocol uses multiplayer SIO registers, child probes, download handshakes and boot ROM delivery. No single-player gameplay caller; browser has no GBA link hardware. Out of scope."
../pokefirered/src/mystery_event_msg.c,../pokefirered/include/mystery_event_msg.h,global.h,13,,FUERA_DE_ALCANCE_CANDIDATO,OUT_OF_SCOPE_CANDIDATE,0,,0,,
../pokefirered/src/mystery_event_script.c,../pokefirered/include/mystery_event_script.h,global.h;gflib.h;berry.h;battle_tower.h;easy_chat.h;event_data.h;mail_data.h;mystery_event_script.h;pokedex.h;pokemon_size_record.h;script.h;strings.h;util.h;mystery_event_msg.h;pokemon_storage_system.h,322,,FUERA_DE_ALCANCE_CANDIDATO,OUT_OF_SCOPE_CANDIDATE,4,RunMysteryEventScript;SetMysteryEventScriptStatus;MEventScript_InitContext;MEventScript_Run,0,RunMysteryEventScript;SetMysteryEventScriptStatus;MEventScript_InitContext;MEventScript_Run,
../pokefirered/src/mystery_gift.c,../pokefirered/include/mystery_gift.h,global.h;gflib.h;constants/songs.h;easy_chat.h;task.h;link.h;link_rfu.h;util.h;script.h;event_data.h;battle_tower.h;new_game.h;wonder_news.h;mystery_gift_menu.h;help_system.h;mystery_gift.h;strings.h,634,,FUERA_DE_ALCANCE_CANDIDATO,OUT_OF_SCOPE_CANDIDATE,40,GetSavedWonderNews;GetSavedWonderCard;GetSavedWonderCardMetadata;GetSavedWonderNewsMetadata;SaveWonderNews;ValidateSavedWonderNews;ValidateSavedWonderCard;IsWonderNewsSameAsSaved;SaveWonderCard;DisableWonderCardSending;MysteryGift_TrySaveStamp;MysteryGift_LoadLinkGameData;MysteryGift_ValidateLinkGameData;MysteryGift_CompareCardFlags;MysteryGift_CheckStamps;MysteryGift_DoesQuestionnaireMatch;MysteryGift_GetCardStatFromLinkData;WonderCard_Init;WonderNews_Init;WonderCard_Enter;WonderNews_Enter;ClearSavedWonderCardAndRelated;ClearSavedWonderNewsAndRelated;WonderCard_Destroy;WonderNews_Destroy;WonderCard_Exit;WonderNews_Exit;IsSavedWonderCardGiftNotReceived;WonderNews_AddScrollIndicatorArrowPair;WonderNews_RemoveScrollIndicatorArrowPair;IsSendingSavedWonderNewsAllowed;IsSendingSavedWonderCardAllowed;WonderNews_GetInput;ClearMysteryGift;MysteryGift_GetCardStat;MysteryGift_TryIncrementStat;GetQuestionnaireWordsPtr;MysteryGift_DisableStats;MysteryGift_TryEnableStatsByFlagId;GetWonderCardFlagId,1,GetSavedWonderNews;GetSavedWonderCard;GetSavedWonderCardMetadata;GetSavedWonderNewsMetadata;SaveWonderNews;ValidateSavedWonderNews;IsWonderNewsSameAsSaved;SaveWonderCard;DisableWonderCardSending;MysteryGift_TrySaveStamp;MysteryGift_LoadLinkGameData;MysteryGift_ValidateLinkGameData;MysteryGift_CompareCardFlags;MysteryGift_CheckStamps;MysteryGift_DoesQuestionnaireMatch;MysteryGift_GetCardStatFromLinkData;WonderCard_Init;WonderNews_Init;WonderCard_Enter;WonderNews_Enter;ClearSavedWonderCardAndRelated;ClearSavedWonderNewsAndRelated;WonderCard_Destroy;WonderNews_Destroy;WonderCard_Exit;WonderNews_Exit;IsSavedWonderCardGiftNotReceived;WonderNews_AddScrollIndicatorArrowPair;WonderNews_RemoveScrollIndicatorArrowPair;IsSendingSavedWonderNewsAllowed;IsSendingSavedWonderCardAllowed;WonderNews_GetInput;ClearMysteryGift;MysteryGift_GetCardStat;MysteryGift_TryIncrementStat;GetQuestionnaireWordsPtr;MysteryGift_DisableStats;MysteryGift_TryEnableStatsByFlagId;GetWonderCardFlagId,
../pokefirered/src/mystery_gift_client.c,../pokefirered/include/mystery_gift_client.h,global.h;gflib.h;decompress.h;overworld.h;script.h;battle_tower.h;mystery_event_script.h;mystery_gift.h;mystery_gift_client.h;mystery_gift_server.h,300,,FUERA_DE_ALCANCE_CANDIDATO,OUT_OF_SCOPE_CANDIDATE,5,MysteryGiftClient_Create;MysteryGiftClient_Run;MysteryGiftClient_AdvanceState;MysteryGiftClient_GetMsg;MysteryGiftClient_SetParam,0,MysteryGiftClient_Create;MysteryGiftClient_Run;MysteryGiftClient_AdvanceState;MysteryGiftClient_GetMsg;MysteryGiftClient_SetParam,
../pokefirered/src/mystery_gift_link.c,../pokefirered/include/mystery_gift_link.h,global.h;util.h;link.h;link_rfu.h;mystery_gift_server.h,215,,FUERA_DE_ALCANCE_CANDIDATO,OUT_OF_SCOPE_CANDIDATE,5,MysteryGiftLink_Init;MysteryGiftLink_InitSend;MysteryGiftLink_Recv;MysteryGiftLink_Send;MysteryGiftLink_InitRecv,0,MysteryGiftLink_Init;MysteryGiftLink_InitSend;MysteryGiftLink_Recv;MysteryGiftLink_Send;MysteryGiftLink_InitRecv,
../pokefirered/src/mystery_gift_menu.c,../pokefirered/include/mystery_gift_menu.h,global.h;gflib.h;task.h;scanline_effect.h;text_window.h;menu.h;new_menu_helpers.h;mystery_gift_menu.h;title_screen.h;list_menu.h;link_rfu.h;mystery_gift.h;save.h;link.h;event_data.h;mystery_gift_server.h;mystery_gift_client.h;wonder_news.h;help_system.h;strings.h;decompress.h;constants/cable_club.h;constants/songs.h;constants/union_room.h,1609,,FUERA_DE_ALCANCE_CANDIDATO,OUT_OF_SCOPE_CANDIDATE,9,PrintMysteryGiftMenuMessage;AddTextPrinterToWindow1;MainCB_FreeAllBuffersAndReturnToInitTitleScreen;PrintMysteryGiftOrEReaderTopMenu;CB2_InitMysteryGift;CB2_MysteryGiftEReader;DoMysteryGiftYesNo;MG_DrawTextBorder;GetMysteryGiftBaseBlock,0,PrintMysteryGiftMenuMessage;AddTextPrinterToWindow1;MainCB_FreeAllBuffersAndReturnToInitTitleScreen;PrintMysteryGiftOrEReaderTopMenu;CB2_InitMysteryGift;CB2_MysteryGiftEReader;DoMysteryGiftYesNo;MG_DrawTextBorder;GetMysteryGiftBaseBlock,
../pokefirered/src/mystery_gift_scripts.c,,global.h;mystery_gift_server.h;mystery_gift_client.h;constants/mystery_gift.h,198,,FUERA_DE_ALCANCE_CANDIDATO,OUT_OF_SCOPE_CANDIDATE,0,,0,,
../pokefirered/src/mystery_gift_server.c,../pokefirered/include/mystery_gift_server.h,global.h;gflib.h;script.h;mystery_gift.h;mystery_gift_server.h,302,,FUERA_DE_ALCANCE_CANDIDATO,OUT_OF_SCOPE_CANDIDATE,3,MysterGiftServer_CreateForNews;MysterGiftServer_CreateForCard;MysterGiftServer_Run,0,MysterGiftServer_CreateForNews;MysterGiftServer_CreateForCard;MysterGiftServer_Run,
../pokefirered/src/mystery_gift_show_card.c,,global.h;gflib.h;decompress.h;menu.h;new_menu_helpers.h;pokemon_icon.h;mystery_gift_menu.h;mystery_gift.h;battle_anim.h;constants/mystery_gift.h,518,,FUERA_DE_ALCANCE_CANDIDATO,OUT_OF_SCOPE_CANDIDATE,0,,0,,
../pokefirered/src/mystery_gift_show_news.c,,global.h;gflib.h;menu_indicators.h;new_menu_helpers.h;mystery_gift.h;mystery_gift_menu.h;menu.h;link_rfu.h;list_menu.h;constants/mystery_gift.h,404,,FUERA_DE_ALCANCE_CANDIDATO,OUT_OF_SCOPE_CANDIDATE,0,,0,,
../pokefirered/src/naming_screen.c,../pokefirered/include/naming_screen.h,global.h;gflib.h;data.h;keyboard_text.h;event_data.h;event_object_movement.h;event_scripts.h;field_effect.h;field_player_avatar.h;field_specials.h;graphics.h;help_system.h;menu.h;overworld.h;naming_screen.h;new_menu_helpers.h;pokemon_icon.h;pokemon_storage_system.h;strings.h;task.h;text_window.h;trig.h;constants/event_object_movement.h;constants/help_system.h;constants/songs.h;constants/event_objects.h;sloopsvc.h,2509,src/fr/namingScreen.ts,PORTADO_EN_STATUS,DOC_PORTED_REVIEW_SCOPE,1,DoNamingScreen,1,,
../pokefirered/src/new_game.c,../pokefirered/include/new_game.h,global.h;gflib.h;random.h;overworld.h;constants/maps.h;load_save.h;item_menu.h;tm_case.h;berry_pouch.h;quest_log.h;wild_encounter.h;event_data.h;mail_data.h;play_time.h;money.h;battle_records.h;pokemon_size_record.h;pokemon_storage_system.h;roamer.h;item.h;player_pc.h;berry.h;easy_chat.h;union_room_chat.h;mystery_gift.h;renewable_hidden_items.h;trainer_tower.h;script.h;berry_powder.h;pokemon_jump.h;event_scripts.h,160,,SIN_MAPEO_NOMBRE_REVISAR,DOC_PARTIAL_OR_ADAPTED,5,SetTrainerId;CopyTrainerId;NewGameInitData;ResetMenuAndMonGlobals;Sav2_ClearSetDefault,0,SetTrainerId;CopyTrainerId;NewGameInitData;ResetMenuAndMonGlobals;Sav2_ClearSetDefault,"game.ts newGame plus newSaveData reset core player identity/names, money, PC Potion, play time, Pokédex, flags/vars, party/boxes, options and starting warp. Missing C resets/state for battle tower, mystery gift/enigma berries, roamer, fan club, renewable items, berry minigames/powder, Trainer Tower and related records. The trainer ID currently originates from Math.random in newSaveData instead of InitPlayerTrainerId's seeded Random + Timer1 lower half; exact seed lifecycle is separately pending. Main new-game initialization is partial."
../pokefirered/src/new_menu_helpers.c,../pokefirered/include/new_menu_helpers.h,global.h;gflib.h;help_message.h;menu.h;menu_helpers.h;new_menu_helpers.h;quest_log.h;field_specials.h;text_window.h;script.h,761,,SIN_MAPEO_NOMBRE_REVISAR,DOC_PARTIAL_OR_ADAPTED,43,ClearScheduledBgCopiesToVram;ScheduleBgCopyTilemapToVram;DoScheduledBgTilemapCopiesToVram;ResetTempTileDataBuffers;FreeTempTileDataBuffersIfPossible;DecompressAndCopyTileDataToVram;DecompressAndCopyTileDataToVram2;DecompressAndLoadBgGfxUsingHeap;DecompressAndLoadBgGfxUsingHeap2;MallocAndDecompress;SetBgTilemapPalette;CopyToBufferFromBgTilemap;ResetBgPositions;InitStandardTextBoxWindows;FreeAllOverworldWindowBuffers;InitTextBoxGfxAndPrinters;RunTextPrinters_CheckPrinter0Active;AddTextPrinterParameterized2;AddTextPrinterDiffStyle;AddTextPrinterForMessage;AddTextPrinterWithCustomSpeedForMessage;LoadStdWindowFrameGfx;DrawDialogueFrame;DrawStdWindowFrame;ClearDialogWindowAndFrame;ClearStdWindowAndFrame;EraseFieldMessageBox;SetStdWindowBorderStyle;LoadMessageBoxAndFrameGfx;Menu_LoadStdPal;Menu_LoadStdPalAt;DisplayItemMessageOnField;DisplayYesNoMenuDefaultYes;DisplayYesNoMenuDefaultNo;GetTextSpeedSetting;CreateStartMenuWindow;GetStartMenuWindowId;RemoveStartMenuWindow;GetStdWindowBaseTileNum;DrawHelpMessageWindowWithText;DestroyHelpMessageWindow_;LoadSignpostWindowFrameGfx;SetDefaultFontsPointer,21,DecompressAndCopyTileDataToVram;DecompressAndCopyTileDataToVram2;DecompressAndLoadBgGfxUsingHeap;DecompressAndLoadBgGfxUsingHeap2;MallocAndDecompress;ResetBgPositions;FreeAllOverworldWindowBuffers;RunTextPrinters_CheckPrinter0Active;AddTextPrinterForMessage;AddTextPrinterWithCustomSpeedForMessage;EraseFieldMessageBox;LoadMessageBoxAndFrameGfx;DisplayYesNoMenuDefaultYes;DisplayYesNoMenuDefaultNo;GetTextSpeedSetting;CreateStartMenuWindow;GetStartMenuWindowId;RemoveStartMenuWindow;DrawHelpMessageWindowWithText;DestroyHelpMessageWindow_;LoadSignpostWindowFrameGfx;SetDefaultFontsPointer,"Core text-box/window/frame, text-printer and BG-copy behavior is distributed across hw/menu.ts, hw/text.ts, hw/menuHelpers.ts, hw/bg.ts and gba adapters. Several C entry points for heap decompression, start-menu/help/signpost windows, printer variants and buffer lifecycle have no same-name equivalent or are subsumed by the exported-predecompressed asset model. Marked partial; visual and frame parity are not exhaustively verified."
../pokefirered/src/oak_speech.c,../pokefirered/include/oak_speech.h,global.h;gflib.h;decompress.h;task.h;blend_palette.h;text_window.h;menu.h;help_system.h;new_menu_helpers.h;event_scripts.h;scanline_effect.h;pokeball.h;naming_screen.h;math_util.h;overworld.h;random.h;data.h;constants/songs.h,2186,src/fr/oakSpeech.ts,PORTADO_EN_STATUS,DOC_PORTED_REVIEW_SCOPE,1,StartNewGameScene,1,,
../pokefirered/src/option_menu.c,../pokefirered/include/option_menu.h,global.h;gflib.h;scanline_effect.h;text_window_graphics.h;menu.h;task.h;overworld.h;help_system.h;text_window.h;strings.h;field_fadetransition.h;gba/m4a_internal.h,575,src/fr/optionMenu.ts,CANDIDATO_TS_MISMO_NOMBRE,DOC_PORTED_REVIEW_SCOPE,1,CB2_OptionsMenuFromStartMenu,1,,"All six settings, count/wrap rules, frame graphics/palette updates, pick/switch/cancel display, input navigation, option persistence, cry stereo and return callback are implemented in optionMenu.ts and wired from the start menu. Adapted to HwScene/Canvas; no pixel comparison."
../pokefirered/src/overworld.c,../pokefirered/include/overworld.h,global.h;gflib.h;bg_regs.h;cable_club.h;credits.h;event_data.h;event_object_movement.h;event_scripts.h;field_camera.h;field_control_avatar.h;field_effect.h;field_fadetransition.h;field_message_box.h;field_player_avatar.h;field_screen_effect.h;field_specials.h;field_tasks.h;field_weather.h;fieldmap.h;fldeff.h;heal_location.h;help_system.h;link.h;link_rfu.h;load_save.h;m4a.h;map_name_popup.h;map_preview_screen.h;metatile_behavior.h;money.h;new_game.h;new_menu_helpers.h;overworld.h;play_time.h;quest_log.h;quest_log_objects.h;random.h;renewable_hidden_items.h;roamer.h;safari_zone.h;save_location.h;scanline_effect.h;script.h;script_pokemon_util.h;start_menu.h;tileset_anims.h;trainer_pokemon_sprites.h;vs_seeker.h;wild_encounter.h;constants/cable_club.h;constants/event_objects.h;constants/maps.h;constants/region_map_sections.h;constants/songs.h;constants/sound.h,3563,src/fr/field/overworld.ts,CANDIDATO_TS_MISMO_NOMBRE,UNREVIEWED,95,IncrementGameStat;SetObjEventTemplateCoords;SetObjEventTemplateMovementType;SetWarpDestination;SetDynamicWarp;SetDynamicWarpWithCoords;SetFixedDiveWarp;SetFixedHoleWarp;SetEscapeWarp;Overworld_SetHealLocationWarp;SetWarpDestinationToEscapeWarp;SetWarpDestinationToLastHealLocation;IsMapTypeOutdoors;Overworld_ClearSavedMusic;Overworld_MusicCanOverrideMapMusic;SetFlashLevel;Overworld_GetFlashLevel;Overworld_SetSavedMusic;Overworld_ChangeMusicToDefault;Overworld_ChangeMusicTo;IsUpdateLinkStateCBActive;ClearLinkPlayerObjectEvents;ObjectEventMoveDestCoords;CB2_ReturnToField;CB2_ReturnToFieldContinueScriptPlayMapMusic;WarpIntoMap;GetMapTypeByGroupAndId;SetWarpDestinationToMapWarp;SetWarpDestinationToDynamicWarp;GetGameStat;SetGameStat;CB2_ContinueSavedGame;Overworld_SetWarpDestinationFromWarp;CB2_SetUpOverworldForQLPlayback;CB2_SetUpOverworldForQLPlaybackWithWarpExit;CB2_EnterFieldFromQuestLog;Overworld_PlaySpecialMapMusic;GetCurrentRegionMapSectionId;SetCurrentMapLayout;SetWarpDestinationToFixedHoleWarp;ResetInitialPlayerAvatarState;CleanupOverworldWindowsAndTilemaps;ComputeWhiteOutMoneyLoss;l8;SetLastHealLocationWarp;LoadMapFromCameraTransition;CB2_ReturnToFieldFromDiploma;CB2_OverworldBasic;CB2_NewGame;Overworld_MapTypeAllowsTeleportAndFly;Overworld_ResetStateAfterTeleport;Overworld_FadeOutMapMusic;CB2_LoadMap;BGMusicStopped;IsMapTypeIndoors;Overworld_IsBikingAllowed;Overworld_ResetStateAfterDigEscRope;Overworld_LinkRecvQueueLengthMoreThan2;GetCurrentMapType;GetLastUsedWarpMapType;TryFadeOutOldMapMusic;CB2_ReturnToFieldCableClub;ResetGameStats;Overworld_CreditsMainCB;Overworld_DoScrollSceneForCredits;IsSendingKeysOverCable;CB2_ReturnToFieldWithOpenMenu;CB2_WhiteOut;CB2_ReturnToFieldFromMultiplayer;ApplyNewEncryptionKeyToGameStats;SetContinueGameWarpToDynamicWarp;SetContinueGameWarpToHealLocation;UpdateAmbientCry;SetWarpDestinationToHealLocation;Overworld_SendKeysToLinkIsRunning;Overworld_RecvKeysFromLinkIsRunning;OverworldWhiteOutGetMoneyLoss;GetCurrentMapBattleScene;Overworld_ResetStateAfterFly;MetatileBehavior_IsSurfableInSeafoamIslands;Overworld_ResetMapMusic;QueueExitLinkRoomKey;SetInCableClubSeat;GetCableClubPartnersReady;SetStartedCableClubActivity;SetLinkWaitingForScript;SetMainCallback1;CB1_Overworld;CB2_ReturnToFieldContinueScript;GetLastUsedWarpMapSectionId;StoreInitialPlayerAvatarState;UpdateEscapeWarp;SetDiveWarpEmerge;SetDiveWarpDive;ClearFieldCallback,23,SetObjEventTemplateCoords;SetObjEventTemplateMovementType;SetWarpDestination;SetDynamicWarp;SetDynamicWarpWithCoords;SetFixedDiveWarp;SetFixedHoleWarp;SetEscapeWarp;Overworld_SetHealLocationWarp;SetWarpDestinationToEscapeWarp;IsMapTypeOutdoors;Overworld_ClearSavedMusic;SetFlashLevel;Overworld_GetFlashLevel;Overworld_SetSavedMusic;Overworld_ChangeMusicToDefault;Overworld_ChangeMusicTo;IsUpdateLinkStateCBActive;ClearLinkPlayerObjectEvents;ObjectEventMoveDestCoords;GetMapTypeByGroupAndId;SetWarpDestinationToMapWarp;SetWarpDestinationToDynamicWarp;GetGameStat;SetGameStat;Overworld_SetWarpDestinationFromWarp;CB2_SetUpOverworldForQLPlayback;CB2_SetUpOverworldForQLPlaybackWithWarpExit;CB2_EnterFieldFromQuestLog;GetCurrentRegionMapSectionId;SetWarpDestinationToFixedHoleWarp;ResetInitialPlayerAvatarState;CleanupOverworldWindowsAndTilemaps;l8;SetLastHealLocationWarp;CB2_OverworldBasic;Overworld_MapTypeAllowsTeleportAndFly;Overworld_ResetStateAfterTeleport;Overworld_FadeOutMapMusic;BGMusicStopped;IsMapTypeIndoors;Overworld_IsBikingAllowed;Overworld_ResetStateAfterDigEscRope;Overworld_LinkRecvQueueLengthMoreThan2;GetLastUsedWarpMapType;TryFadeOutOldMapMusic;CB2_ReturnToFieldCableClub;ResetGameStats;Overworld_CreditsMainCB;Overworld_DoScrollSceneForCredits;IsSendingKeysOverCable;CB2_ReturnToFieldFromMultiplayer;ApplyNewEncryptionKeyToGameStats;SetContinueGameWarpToDynamicWarp;UpdateAmbientCry;SetWarpDestinationToHealLocation;Overworld_SendKeysToLinkIsRunning;Overworld_RecvKeysFromLinkIsRunning;MetatileBehavior_IsSurfableInSeafoamIslands;Overworld_ResetMapMusic;QueueExitLinkRoomKey;SetInCableClubSeat;GetCableClubPartnersReady;SetStartedCableClubActivity;SetLinkWaitingForScript;CB2_ReturnToFieldContinueScript;GetLastUsedWarpMapSectionId;StoreInitialPlayerAvatarState;UpdateEscapeWarp;SetDiveWarpEmerge;SetDiveWarpDive;ClearFieldCallback,
../pokefirered/src/palette.c,../pokefirered/include/palette.h,global.h;gflib.h;util.h;decompress.h;task.h,994,src/fr/hw/palette.ts,CANDIDATO_TS_MISMO_NOMBRE,UNREVIEWED,26,LoadCompressedPalette;LoadPalette;FillPalette;TransferPlttBuffer;UpdatePaletteFade;ResetPaletteFade;ReadPlttIntoBuffers;BeginNormalPaletteFade;ResetPaletteFadeControl;InvertPlttBuffer;TintPlttBuffer;UnfadePlttBuffer;BeginFastPaletteFade;BeginHardwarePaletteFade;BlendPalettes;BlendPalettesUnfaded;TintPalette_GrayScale;TintPalette_GrayScale2;TintPalette_SepiaTone;TintPalette_CustomTone;PaletteStruct_ResetById;CopyPaletteInvertedTint;BlendPalettesGradually;IsBlendPalettesGraduallyTaskActive;DestroyBlendPalettesGraduallyTask;e,24,PaletteStruct_ResetById;CopyPaletteInvertedTint,
../pokefirered/src/palette_util.c,../pokefirered/include/palette_util.h,global.h;gflib.h;palette_util.h;util.h,474,,SIN_MAPEO_NOMBRE_REVISAR,OUT_OF_SCOPE_DOCUMENTED,13,RouletteFlash_Reset;RouletteFlash_Add;RouletteFlash_Run;RouletteFlash_Enable;RouletteFlash_Stop;InitPulseBlend;InitPulseBlendPaletteSettings;UnloadUsedPulseBlendPalettes;MarkUsedPulseBlendPalettes;UnmarkUsedPulseBlendPalettes;UpdatePulseBlend;FillTilemapRect;SetTilemapRect,0,RouletteFlash_Reset;RouletteFlash_Add;RouletteFlash_Run;RouletteFlash_Enable;RouletteFlash_Stop;InitPulseBlend;InitPulseBlendPaletteSettings;UnloadUsedPulseBlendPalettes;MarkUsedPulseBlendPalettes;UnmarkUsedPulseBlendPalettes;UpdatePulseBlend;FillTilemapRect;SetTilemapRect,"Source comment states RouletteFlash/pulse-blend features were removed from FireRed and all routines in this file go unused; full decomp call search finds no callers, including tilemap rectangle helpers. Out of scope for the FireRed single-player runtime."
../pokefirered/src/party_menu.c,../pokefirered/include/party_menu.h,global.h;gflib.h;battle.h;battle_anim.h;battle_controllers.h;battle_gfx_sfx_util.h;battle_interface.h;battle_tower.h;berry_pouch.h;data.h;decompress.h;easy_chat.h;event_data.h;evolution_scene.h;field_effect.h;field_player_avatar.h;field_fadetransition.h;field_weather.h;fieldmap.h;fldeff.h;graphics.h;help_message.h;help_system.h;item.h;item_menu.h;item_use.h;link.h;link_rfu.h;load_save.h;mail.h;mail_data.h;main.h;menu.h;menu_helpers.h;new_menu_helpers.h;metatile_behavior.h;overworld.h;party_menu.h;player_pc.h;pokedex.h;pokemon.h;pokemon_icon.h;pokemon_jump.h;pokemon_special_anim.h;pokemon_summary_screen.h;quest_log.h;region_map.h;reshow_battle_screen.h;scanline_effect.h;script.h;start_menu.h;string_util.h;strings.h;task.h;teachy_tv.h;text_window.h;tm_case.h;trade.h;union_room.h;constants/battle.h;constants/easy_chat.h;constants/field_effects.h;constants/item_effects.h;constants/items.h;constants/maps.h;constants/moves.h;constants/pokemon.h;constants/quest_log.h;constants/songs.h;constants/sound.h;data/pokemon/tutor_learnsets.h;data/party_menu.h,6342,src/fr/partyMenu.ts,CANDIDATO_TS_MISMO_NOMBRE,UNREVIEWED,55,d;InitPartyMenu;AnimatePartySlot;IsMultiBattle;GetCursorSelectionMonId;GetPartyMenuType;Task_HandleChooseMonInput;GetMonNickname;DisplayPartyMenuMessage;IsPartyMenuTextPrinterActive;PartyMenuModifyHP;GetAilmentFromStatus;GetMonAilment;DisplayPartyMenuStdMessage;LoadHeldItemIcons;DrawHeldItemIconsForTrade;SpriteCB_BounceConfirmCancelButton;CB2_SelectBagItemToGive;CB2_GiveHoldItem;FieldCallback_PrepareFadeInFromMenu;CB2_ReturnToPartyMenuFromFlyMap;SetUsedFlyQuestLogEvent;CB2_ShowPartyMenuForItemUse;ItemUseCB_Medicine;ItemUseCB_MedicineStep;ItemUseCB_TryRestorePP;ItemUseCB_PPUp;ItemIdToBattleMoveId;IsMoveHm;MonKnowsMove;ItemUseCB_TMHM;ItemUseCB_RareCandy;ItemUseCB_SacredAsh;ItemUseCB_EvolutionStone;GetItemEffectType;CB2_PartyMenuFromStartMenu;CB2_ChooseMonToGiveItem;ChooseMonToGiveMailFromMailbox;InitChooseMonsForBattle;ClearSelectedPartyOrder;ChooseMonForTradingBoard;ChooseMonForMoveTutor;ChooseMonForWirelessMinigame;OpenPartyMenuInTutorialBattle;Pokedude_OpenPartyMenuInBattle;Pokedude_ChooseMonForInBattleItem;EnterPartyFromItemMenuInBattle;BufferBattlePartyCurrentOrder;BufferBattlePartyCurrentOrderBySide;SwitchPartyOrderLinkMulti;SwitchPartyMonSlots;GetPartyIdFromBattlePartyId;ShowPartyMenuToShowcaseMultiBattleParty;ChooseMonForDaycare;ChoosePartyMonByMenuType,43,DrawHeldItemIconsForTrade;SpriteCB_BounceConfirmCancelButton;FieldCallback_PrepareFadeInFromMenu;SetUsedFlyQuestLogEvent;IsMoveHm;ChooseMonToGiveMailFromMailbox;InitChooseMonsForBattle;ChooseMonForTradingBoard;Pokedude_OpenPartyMenuInBattle;Pokedude_ChooseMonForInBattleItem;SwitchPartyOrderLinkMulti;ShowPartyMenuToShowcaseMultiBattleParty,
../pokefirered/src/party_menu_specials.c,,global.h;gflib.h;data.h;script.h;overworld.h;party_menu.h;field_fadetransition.h;pokemon_summary_screen.h;event_data.h;constants/moves.h,108,src/fr/game.ts;src/fr/partyMenu.ts;src/fr/script/specials.ts;src/fr/script/specialsExtra.ts,SIN_MAPEO_NOMBRE_REVISAR,DOC_PORTED_REVIEW_SCOPE,0,,0,,"Party selection/relearner, move counts, nickname/move placeholders, move deletion with PP/PP-Up shifts, egg detection and script resumption are covered. SelectMoveDeleterMove now opens the real summary screen in PSS_MODE_FORGET_MOVE and returns GetMoveSlotToReplace (4 on cancel) to VAR_0x8005. npm run check:port passes; no browser interaction was run."
../pokefirered/src/pc_screen_effect.c,../pokefirered/include/pc_screen_effect.h,global.h;gflib.h;task.h,179,,SIN_MAPEO_NOMBRE_REVISAR,DOC_PARTIAL_OR_ADAPTED,4,BeginPCScreenEffect_TurnOn;BeginPCScreenEffect_TurnOff;IsPCScreenEffectRunning_TurnOff;IsPCScreenEffectRunning_TurnOn,0,BeginPCScreenEffect_TurnOn;BeginPCScreenEffect_TurnOff;IsPCScreenEffectRunning_TurnOff;IsPCScreenEffectRunning_TurnOn,"The CRT-style turn-on/off effect (WIN0 horizontal/vertical collapse, lighten blend, palette adjustment, caller task queries) has no TS equivalent. C callers include Item PC, storage-system screen and Hall of Fame PC. Web versions use Canvas/menu adapters without this transition; source behavior is therefore an explicit UI gap."
../pokefirered/src/play_time.c,../pokefirered/include/play_time.h,play_time.h,65,,SIN_MAPEO_NOMBRE_REVISAR,DOC_PARTIAL_OR_ADAPTED,5,PlayTimeCounter_Reset;PlayTimeCounter_Start;PlayTimeCounter_Stop;PlayTimeCounter_Update;PlayTimeCounter_SetToMax,0,PlayTimeCounter_Reset;PlayTimeCounter_Start;PlayTimeCounter_Stop;PlayTimeCounter_Update;PlayTimeCounter_SetToMax,"Reset/Start/Stop/Update/SetToMax are represented in save.ts; Game calls Reset/Start for new/continued games and Update per active engine frame. A scalar total-frame field replaces the C hour/minute/second/VBlank fields; typecheck passes, runtime parity unverified."
../pokefirered/src/player_pc.c,../pokefirered/include/player_pc.h,global.h;gflib.h;item.h;task.h;menu_indicators.h;new_menu_helpers.h;strings.h;menu.h;mail.h;mail_data.h;help_system.h;overworld.h;script.h;mailbox_pc.h;player_pc.h;field_weather.h;event_scripts.h;field_fadetransition.h;item_menu.h;item_pc.h;party_menu.h;constants/items.h;constants/songs.h;constants/field_weather.h,740,src/fr/menus/playerPc.ts,CANDIDATO_TS_MISMO_NOMBRE,DOC_PARTIAL_OR_ADAPTED,2,NewGameInitPCItems;Mailbox_ReturnToMailListAfterDeposit,0,NewGameInitPCItems;Mailbox_ReturnToMailListAfterDeposit,"Bedroom and field PC entry, item withdraw/deposit, bag-space checks, quantity, held-mail read/return/give and mailbox compaction are mapped in menus/playerPc.ts/save/bagMenu. The TS uses generic textual choices/messages and omits much of C's framed-window/task/fade/list cursor behavior; PC-box data store uses the separate storage adapter. Partial source review; no UI execution."
../pokefirered/src/pokeball.c,../pokefirered/include/pokeball.h,global.h;gflib.h;battle.h;battle_anim.h;decompress.h;graphics.h;m4a.h;pokeball.h;task.h;trig.h;util.h;link.h;battle_gfx_sfx_util.h;constants/songs.h;constants/sound.h,1334,src/fr/battle/pokeball.ts,PORTADO_EN_STATUS,DOC_PORTED_REVIEW_SCOPE,8,DoPokeballSendOutAnimation;CreatePokeballSpriteToReleaseMon;CreateTradePokeballSprite;DoHitAnimHealthboxEffect;LoadBallGfx;FreeBallGfx;StartHealthboxSlideIn;DestroySpriteAndFreeResources_Ball,8,,
../pokefirered/src/pokedex.c,../pokefirered/include/pokedex.h,global.h;pokedex.h;pokedex_screen.h,148,src/fr/menus/pokedex.ts,CANDIDATO_TS_MISMO_NOMBRE,DOC_PARTIAL_OR_ADAPTED,11,ResetPokedex;CopyMonCategoryText;GetPokedexHeightWeight;GetNationalPokedexCount;GetKantoPokedexCount;HasAllMons;CreateDexDisplayMonDataTask;GetSetPokedexFlag;HasAllHoennMons;HasAllKantoMons;DexScreen_RegisterMonToPokedex,5,ResetPokedex;CopyMonCategoryText;GetNationalPokedexCount;GetKantoPokedexCount;CreateDexDisplayMonDataTask;HasAllHoennMons,"GetPokedexHeightWeight uses exported source Pokédex entries; seen/caught flag access and Kanto/National counts are represented. Added exact species-by-species HasAllKantoMons (1-150) and HasAllMons (386 excluding National numbers 151, 249-251, 385-386), replacing count thresholds in script specials, Trainer Card stars and diploma selection. The Pokédex screen itself remains an adapter with search/area/graphics gaps. Typecheck passed; runtime check not run."
../pokefirered/src/pokedex_area_markers.c,../pokefirered/include/pokedex_area_markers.h,global.h;gflib.h;decompress.h;task.h;wild_pokemon_area.h;pokedex_area_markers.h;pokedex.h,274,,SIN_MAPEO_NOMBRE_REVISAR,DOC_PARTIAL_OR_ADAPTED,4,GetAreaMarkerSubsprite;DestroyPokedexAreaMarkers;CreatePokedexAreaMarkers;GetNumPokedexAreaMarkers,0,GetAreaMarkerSubsprite;DestroyPokedexAreaMarkers;CreatePokedexAreaMarkers;GetNumPokedexAreaMarkers,"Added GetAreaMarkerSubsprite-equivalent data resolution in src/fr/pokedexArea.ts from exported sAreaMarkers and C subsprite templates. Create/destroy task, sprite sheet/palette load, OBJ-window blend and Pokédex screen wiring remain; runtime rendering unverified."
../pokefirered/src/pokedex_screen.c,../pokefirered/include/pokedex_screen.h,global.h;gflib.h;graphics.h;m4a.h;scanline_effect.h;task.h;new_menu_helpers.h;event_data.h;help_system.h;menu_indicators.h;overworld.h;strings.h;menu.h;pokedex_screen.h;data.h;pokedex.h;trainer_pokemon_sprites.h;decompress.h;constants/songs.h;constants/sound.h;pokedex_area_markers.h;field_specials.h;data/pokemon_graphics/footprint_table.h;data/pokemon/pokedex_orders.h;data/pokemon/pokedex_text.h;data/pokemon/pokedex_entries.h;data/pokemon/pokedex_categories.h,3452,,SIN_MAPEO_NOMBRE_REVISAR,DOC_PENDING,2,CB2_OpenPokedexFromStartMenu;DexScreen_GetSetPokedexFlag,2,,
../pokefirered/src/pokemon.c,../pokefirered/include/pokemon.h,global.h;gflib.h;random.h;text.h;data.h;battle.h;battle_anim.h;item.h;event_data.h;util.h;pokemon_storage_system.h;battle_gfx_sfx_util.h;battle_controllers.h;evolution_scene.h;battle_message.h;battle_util.h;link.h;m4a.h;pokedex.h;strings.h;overworld.h;party_menu.h;field_specials.h;berry.h;constants/items.h;constants/item_effects.h;constants/hoenn_cries.h;constants/pokemon.h;constants/abilities.h;constants/moves.h;constants/songs.h;constants/trainers.h;constants/hold_effects.h;constants/battle_move_effects.h;constants/union_room.h;data/battle_moves.h;data/pokemon/item_effects.h;data/pokemon/tmhm_learnsets.h;data/pokemon/trainer_class_lookups.h;data/pokemon/cry_ids.h;data/pokemon/experience_tables.h;data/pokemon/species_info.h;data/pokemon/level_up_learnsets.h;data/pokemon/evolution.h;data/pokemon/level_up_learnset_pointers.h,6453,src/fr/pokemon/pokemon.ts,CANDIDATO_TS_MISMO_NOMBRE,UNREVIEWED,113,x;f;_;ZeroBoxMonData;ZeroMonData;ZeroPlayerPartyMons;ZeroEnemyPartyMons;CreateMon;CreateBoxMon;CreateMonWithNature;CreateMonWithGenderNatureLetter;CreateMaleMon;CreateMonWithIVsPersonality;CreateMonWithEVSpread;CreateBattleTowerMon;ConvertPokemonToBattleTowerPokemon;CalculateMonStats;BoxMonToMon;GetLevelFromBoxMonExp;GiveMoveToMon;GiveMoveToBattleMon;SetMonMoveSlot;SetBattleMonMoveSlot;MonTryLearningNewMove;DeleteFirstMoveAndGiveMoveToMon;CalculateBaseDamage;CountAliveMonsInBattle;GetDefaultMoveTarget;GetMonGender;GetBoxMonGender;GetGenderFromSpeciesAndPersonality;SetMultiuseSpriteTemplateToPokemon;SetMultiuseSpriteTemplateToTrainerBack;GetMonData3;GetMonData2;GetBoxMonData3;GetBoxMonData2;SetMonData;SetBoxMonData;CopyMon;GiveMonToPlayer;CalculatePlayerPartyCount;CalculateEnemyPartyCount;GetMonsStateToDoubles;GetAbilityBySpecies;GetMonAbility;GetSecretBaseTrainerPicIndex;GetSecretBaseTrainerNameIndex;IsPlayerPartyAndPokemonStorageFull;GetSpeciesName;CalculatePPWithBonus;RemoveMonPPBonus;RemoveBattleMonPPBonus;ExecuteTableBasedItemEffect;PokemonUseItemEffects;PokemonItemUseNoEffect;GetItemEffectParamOffset;Battle_PrintStatBoosterEffectMessage;GetNature;GetEvolutionTargetSpecies;NationalPokedexNumToSpecies;SpeciesToNationalPokedexNum;HoennToNationalOrder;SpeciesToCryId;DrawSpindaSpots;EvolutionRenameMon;GetPlayerFlankId;GetLinkTrainerFlankId;GetBattlerMultiplayerId;GetTrainerEncounterMusicId;AdjustFriendship;MonGainEVs;GetMonEVCount;RandomlyGivePartyPokerus;CheckPartyPokerus;CheckPartyHasHadPokerus;PartySpreadPokerus;TryIncrementMonLevel;CanMonLearnTMHM;GetMoveRelearnerMoves;GetLevelUpMovesBySpecies;GetNumberOfRelearnableMoves;SpeciesToPokedexNum;ClearBattleMonForms;PlayBattleBGM;PlayMapChosenOrBattleBGM;GetMonFrontSpritePal;GetMonSpritePalFromSpeciesAndPersonality;GetMonSpritePalStruct;GetMonSpritePalStructFromOtIdPersonality;IsHMMove2;IsMonSpriteNotFlipped;GetFlavorRelationByPersonality;IsTradedMon;IsOtherTrainer;MonRestorePP;BoxMonRestorePP;SetMonPreventsSwitchingString;SetWildMonHeldItem;IsMonShiny;GetTrainerPartnerName;GetPlayerPartyHighestLevel;FacilityClassToPicIndex;ShouldIgnoreDeoxysForm;SetDeoxysStats;GetUnionRoomTrainerPic;GetUnionRoomTrainerClass;CreateEnemyEventMon;HandleSetPokedexFlag;CheckBattleTypeGhost;CreateMonSpritesGfxManager;DestroyMonSpritesGfxManager;MonSpritesGfxManager_GetSpritePtr,64,ZeroBoxMonData;ZeroMonData;CreateBoxMon;CreateMonWithNature;CreateMonWithGenderNatureLetter;CreateMaleMon;CreateMonWithEVSpread;CreateBattleTowerMon;ConvertPokemonToBattleTowerPokemon;BoxMonToMon;GetLevelFromBoxMonExp;GetBoxMonGender;GetMonData3;GetMonData2;GetBoxMonData3;GetBoxMonData2;SetBoxMonData;GetMonsStateToDoubles;GetMonAbility;GetSecretBaseTrainerPicIndex;GetSecretBaseTrainerNameIndex;RemoveBattleMonPPBonus;ExecuteTableBasedItemEffect;Battle_PrintStatBoosterEffectMessage;HoennToNationalOrder;SpeciesToCryId;EvolutionRenameMon;GetLinkTrainerFlankId;GetBattlerMultiplayerId;GetTrainerEncounterMusicId;RandomlyGivePartyPokerus;PartySpreadPokerus;TryIncrementMonLevel;CanMonLearnTMHM;GetLevelUpMovesBySpecies;SpeciesToPokedexNum;PlayBattleBGM;PlayMapChosenOrBattleBGM;GetMonSpritePalStruct;GetMonSpritePalStructFromOtIdPersonality;IsMonSpriteNotFlipped;GetTrainerPartnerName;GetPlayerPartyHighestLevel;FacilityClassToPicIndex;SetDeoxysStats;GetUnionRoomTrainerPic;GetUnionRoomTrainerClass;DestroyMonSpritesGfxManager;MonSpritesGfxManager_GetSpritePtr,
../pokefirered/src/pokemon_icon.c,../pokefirered/include/pokemon_icon.h,global.h;gflib.h;mail_data.h;pokemon_icon.h;graphics.h,1283,src/fr/pokemonIcon.ts,CANDIDATO_TS_MISMO_NOMBRE,UNREVIEWED,21,GetMonIconPtr;GetMonIconTiles;GetValidMonIconPalettePtr;LoadMonIconPalettes;FreeMonIconPalettes;MailSpeciesToIconSpecies;CreateMonIcon_HandleDeoxys;DestroyMonIcon;GetUnownLetterByPersonality;SpriteCB_MonIcon;CreateMonIcon;UpdateMonIconFrame;LoadMonIconPalette;FreeMonIconPalette;SetPartyHPBarSprite;GetMonIconPaletteIndexFromSpecies;GetIconSpecies;LoadMonIconPalettesAt;GetValidMonIconPalIndex;SafeLoadMonIconPalette;SafeFreeMonIconPalette,21,,
../pokefirered/src/pokemon_jump.c,../pokefirered/include/pokemon_jump.h,global.h;gflib.h;battle_anim.h;decompress.h;digit_obj_util.h;dynamic_placeholder_text_util.h;event_data.h;item.h;link.h;link_rfu.h;menu.h;minigame_countdown.h;new_menu_helpers.h;pokemon_jump.h;random.h;save.h;script.h;strings.h;task.h;text_window.h;trig.h;constants/items.h;constants/songs.h,4582,,FUERA_DE_ALCANCE_CANDIDATO,OUT_OF_SCOPE_DOCUMENTED,3,ResetPokemonJumpRecords;IsSpeciesAllowedInPokemonJump;StartPokemonJump,0,ResetPokemonJumpRecords;IsSpeciesAllowedInPokemonJump;StartPokemonJump,
../pokefirered/src/pokemon_size_record.c,../pokefirered/include/pokemon_size_record.h,global.h;gflib.h;data.h;event_data.h;pokedex.h;text.h;strings.h,217,,SIN_MAPEO_NOMBRE_REVISAR,DOC_PARTIAL_OR_ADAPTED,9,InitSeedotSizeRecord;GetSeedotSizeRecordInfo;CompareSeedotSize;InitLotadSizeRecord;GetLotadSizeRecordInfo;CompareLotadSize;InitHeracrossSizeRecord;InitMagikarpSizeRecord;GiveGiftRibbonToParty,0,InitSeedotSizeRecord;GetSeedotSizeRecordInfo;CompareSeedotSize;InitLotadSizeRecord;GetLotadSizeRecordInfo;CompareLotadSize;InitHeracrossSizeRecord;InitMagikarpSizeRecord;GiveGiftRibbonToParty,"The Heracross and Magikarp size hash/table/record compare and text specials are implemented in specialsExtra.ts and used by optional Route 12 and Six Island house scripts. Their Init* functions are called only at new-game setup; SaveBlock vars start at zero in web saves, matching DEFAULT_MAX_SIZE. GiveGiftRibbonToParty is only called by mystery_event_script.c external distribution; classify that path out of single-player scope. Header lists Seedot/Lotad APIs that have no definitions in this source file. Source review only; no runtime comparison."
../pokefirered/src/pokemon_special_anim.c,../pokefirered/include/pokemon_special_anim.h,global.h;gflib.h;data.h;party_menu.h;pokemon_special_anim_internal.h;item_use.h;task.h;constants/pokemon_special_anim.h;constants/songs.h;constants/items.h,709,,SIN_MAPEO_NOMBRE_REVISAR,DOC_PARTIAL_OR_ADAPTED,9,CreateLevelUpVerticalSpritesTask;LevelUpVerticalSpritesTaskIsRunning;GetMonLevelUpWindowStats;DrawLevelUpWindowPg1;DrawLevelUpWindowPg2;StartUseItemAnim_Normal;StartUseItemAnim_CantEvolve;PSA_IsCancelDisabled;StartUseItemAnim_ForgetMoveAndLearnTMorHM,7,StartUseItemAnim_Normal;StartUseItemAnim_CantEvolve,"Ported GetAnimTypeByItemId and GetClosenessFromFriendship in pokemonSpecialAnim.ts; moved the existing GetMonLevelUpWindowStats implementation there and kept battle/ext.ts re-export compatibility. The 4 scene task state machines, cancellation timing, callbacks and sprite scene are still pending; typecheck only."
../pokefirered/src/pokemon_special_anim_scene.c,,global.h;gflib.h;data.h;decompress.h;dynamic_placeholder_text_util.h;item.h;item_menu_icons.h;menu.h;new_menu_helpers.h;pokemon_special_anim_internal.h;random.h;strings.h;text_window.h;trig.h;constants/menu.h;constants/pokemon_special_anim.h;constants/songs.h,1563,,SIN_MAPEO_NOMBRE_REVISAR,UNREVIEWED,0,,0,,
../pokefirered/src/pokemon_storage_system.c,../pokefirered/include/pokemon_storage_system.h,global.h;gflib.h;pokemon_storage_system_internal.h,171,,SIN_MAPEO_NOMBRE_REVISAR,DOC_PARTIAL_OR_ADAPTED,10,GetBoxNamePtr;GetBoxedMonPtr;SetBoxMonNickAt;CompactPartySlots;GetBoxMonDataAt;ZeroBoxMonAt;CB2_ReturnToPokeStorage;ResetPokemonStorageSystem;StorageGetCurrentBox;DrawTextWindowAndBufferTiles,3,GetBoxedMonPtr;SetBoxMonNickAt;CompactPartySlots;GetBoxMonDataAt;ZeroBoxMonAt;ResetPokemonStorageSystem;DrawTextWindowAndBufferTiles,
../pokefirered/src/pokemon_storage_system_data.c,,global.h;gflib.h;data.h;item.h;mail_data.h;menu.h;new_menu_helpers.h;pokemon_storage_system_internal.h;pokemon_summary_screen.h;strings.h;constants/items.h;constants/moves.h;constants/songs.h,2165,,SIN_MAPEO_NOMBRE_REVISAR,DOC_PARTIAL_OR_ADAPTED,0,,0,,
../pokefirered/src/pokemon_storage_system_graphics.c,,global.h;gflib.h;event_data.h;graphics.h;new_menu_helpers.h;pokemon_icon.h;pokemon_storage_system_internal.h;strings.h;task.h;trig.h,1546,,SIN_MAPEO_NOMBRE_REVISAR,DOC_PARTIAL_OR_ADAPTED,0,,0,,
../pokefirered/src/pokemon_storage_system_menu.c,,global.h;gflib.h;event_data.h;field_fadetransition.h;field_weather.h;help_system.h;menu.h;new_menu_helpers.h;overworld.h;pokemon_storage_system_internal.h;script.h;strings.h;task.h;constants/songs.h;constants/field_weather.h;constants/help_system.h,660,,SIN_MAPEO_NOMBRE_REVISAR,DOC_PARTIAL_OR_ADAPTED,0,,0,,
../pokefirered/src/pokemon_storage_system_misc.c,,stdlib.h;global.h;gflib.h;decompress.h;item.h;item_menu_icons.h;menu.h;new_menu_helpers.h;pokemon_icon.h;pokemon_storage_system_internal.h;text_window.h;trig.h;constants/items.h,1430,,SIN_MAPEO_NOMBRE_REVISAR,DOC_PARTIAL_OR_ADAPTED,0,,0,,
../pokefirered/src/pokemon_storage_system_tasks.c,,global.h;gflib.h;data.h;decompress.h;dynamic_placeholder_text_util.h;event_data.h;graphics.h;help_system.h;item.h;item_menu.h;mail_data.h;menu.h;naming_screen.h;new_menu_helpers.h;pc_screen_effect.h;pokemon_icon.h;pokemon_storage_system_internal.h;pokemon_summary_screen.h;quest_log.h;strings.h;task.h;text_window.h;tilemap_util.h;trig.h;constants/items.h;constants/help_system.h;constants/songs.h,2770,,SIN_MAPEO_NOMBRE_REVISAR,DOC_PARTIAL_OR_ADAPTED,0,,0,,
../pokefirered/src/pokemon_summary_screen.c,../pokefirered/include/pokemon_summary_screen.h,global.h;gflib.h;pokemon.h;pokemon_summary_screen.h;help_system.h;task.h;menu_helpers.h;link.h;overworld.h;constants/songs.h;strings.h;new_menu_helpers.h;menu.h;constants/items.h;data.h;item.h;constants/party_menu.h;trade.h;battle_main.h;scanline_effect.h;constants/moves.h;dynamic_placeholder_text_util.h;constants/region_map_sections.h;region_map.h;field_specials.h;party_menu.h;constants/battle.h;event_data.h;trainer_pokemon_sprites.h;battle_anim.h;pokeball.h;pokemon_icon.h;battle_interface.h;mon_markings.h;pokemon_storage_system.h;constants/sound.h;data/text/nature_names.h,5224,src/fr/pokemonSummaryScreen.ts,PORTADO_EN_STATUS,DOC_PORTED_REVIEW_SCOPE,7,ShowSelectMovePokemonSummaryScreen;GetMoveSlotToReplace;SummaryScreen_SetUnknownTaskId;SummaryScreen_DestroyUnknownTask;GetLastViewedMonIndex;ShowPokemonSummaryScreen;SetPokemonSummaryScreenMode,5,SummaryScreen_SetUnknownTaskId;SummaryScreen_DestroyUnknownTask,
../pokefirered/src/post_battle_event_funcs.c,,global.h;script_pokemon_util.h;event_data.h;credits.h;overworld.h;hall_of_fame.h;load_save.h;item.h;constants/heal_locations.h;constants/items.h,74,,SIN_MAPEO_NOMBRE_REVISAR,DOC_PARTIAL_OR_ADAPTED,0,,0,,"EnterHallOfFame covers party healing, game-clear flag, first-entry play time, continue warp, Champion Ribbon/stat/flag, REVISION>=0xA ticket rewards, and handoff to the Hall of Fame flow; SetCB2WhiteOut is wired to Game.whiteOut. Hall of Fame screen presentation remains adapted (generic hardware messages/choice UI), so module is partial rather than fully source-faithful. Source review only; no runtime check."
../pokefirered/src/prof_pc.c,,global.h;event_data.h;pokedex.h;field_message_box.h,109,src/fr/game.ts;src/fr/script/specials.ts,SIN_MAPEO_NOMBRE_REVISAR,DOC_PORTED_REVIEW_SCOPE,0,,0,,"GetPokedexCount is mapped in script/specials.ts using the same Kanto/National caught/seen counts and enable flag. Oak's rating thresholds, Mew exception, completion RESULT and exported message dispatch are in game.ts profOakRating. Source review found parity for this module's behaviors; no runtime dialogue comparison was run."
../pokefirered/src/quest_log.c,../pokefirered/include/quest_log.h,global.h;gflib.h;task.h;menu.h;menu_helpers.h;text_window.h;event_data.h;script.h;overworld.h;field_fadetransition.h;field_weather.h;event_object_movement.h;event_object_lock.h;field_player_avatar.h;item.h;region_map.h;map_name_popup.h;wild_encounter.h;help_system.h;pokemon_storage_system.h;save.h;quest_log_objects.h;quest_log_player.h;quest_log.h;new_menu_helpers.h;strings.h;constants/event_objects.h;constants/maps.h;constants/quest_log.h;constants/field_weather.h;constants/event_object_movement.h,1767,,FUERA_DE_ALCANCE_CANDIDATO,OUT_OF_SCOPE_CANDIDATE,63,QuestLogRecordPlayerAvatarGfxTransition;SetQuestLogEvent;SetQLPlayedTheSlots;QuestLog_RecordEnteredMap;QL_GetPlaybackState;QL_AvoidDisplay;QuestLog_BackUpPalette;CommitQuestLogWindow1;QuestLog_DrawPreviouslyOnQuestHeaderIfInPlaybackMode;ResetQuestLog;ResetTrainerFanClub;TryStartQuestLogPlayback;SaveQuestLogData;QuestLog_CutRecording;ResetDeferredLinkEvent;QL_FinishRecordingScene;QuestLogEvents_HandleEndTrainerBattle;QuestLogGetFlagOrVarPtr;QuestLogSetFlagOrVar;QL_AddASLROffset;QL_UpdateObject;QuestLogRecordNPCStep;QL_IsTrainerSightDisabled;QuestLog_OnEscalatorWarp;QuestLogRecordPlayerAvatarGfxTransitionWithDuration;Special_UpdateTrainerFansAfterLinkBattle;QuestLogRecordPlayerStep;QuestLogRecordPlayerStepWithDuration;QuestLogRecordNPCStepWithDuration;QL_AfterRecordFishActionSuccessful;QL_ResetDefeatedWildMonRecord;QL_RestoreMapLayoutId;QL_RecordFieldInput;QL_TryRunActions;RunQuestLogCB;QL_HandleInput;QuestLogScenePlaybackIsEnding;SetQuestLogEvent_Arrived;QuestLog_ShouldEndSceneOnMapChange;QuestLog_AdvancePlayhead_;QuestLog_InitPalettesBackup;QL_InitSceneObjectsAndActions;GetQuestLogStartType;QL_CopySaveState;QL_ResetPartyAndPC;QL_StartRecordingAction;QL_IsRoomToSaveAction;QL_IsRoomToSaveEvent;QL_ResetEventStates;QL_ResetRepeatEventTracker;QL_RecordAction_SceneEnd;QL_LoadAction_Wait;QL_RecordAction_Input;QL_LoadAction_Input;QL_RecordAction_MovementOrGfxChange;QL_LoadAction_MovementOrGfxChange;QL_EnableRecordingSteps;QL_SkipCommand;QL_UpdateLastDepartedLocation;QL_LoadAction_SceneEnd;QL_LoadEvent;QL_TryRepeatEvent;QL_RecordWait,1,QuestLogRecordPlayerAvatarGfxTransition;SetQuestLogEvent;SetQLPlayedTheSlots;QuestLog_RecordEnteredMap;QL_GetPlaybackState;QL_AvoidDisplay;QuestLog_BackUpPalette;CommitQuestLogWindow1;QuestLog_DrawPreviouslyOnQuestHeaderIfInPlaybackMode;ResetQuestLog;ResetTrainerFanClub;TryStartQuestLogPlayback;SaveQuestLogData;ResetDeferredLinkEvent;QL_FinishRecordingScene;QuestLogEvents_HandleEndTrainerBattle;QuestLogGetFlagOrVarPtr;QuestLogSetFlagOrVar;QL_AddASLROffset;QL_UpdateObject;QuestLogRecordNPCStep;QL_IsTrainerSightDisabled;QuestLog_OnEscalatorWarp;QuestLogRecordPlayerAvatarGfxTransitionWithDuration;Special_UpdateTrainerFansAfterLinkBattle;QuestLogRecordPlayerStep;QuestLogRecordPlayerStepWithDuration;QuestLogRecordNPCStepWithDuration;QL_AfterRecordFishActionSuccessful;QL_ResetDefeatedWildMonRecord;QL_RestoreMapLayoutId;QL_RecordFieldInput;QL_TryRunActions;RunQuestLogCB;QL_HandleInput;QuestLogScenePlaybackIsEnding;SetQuestLogEvent_Arrived;QuestLog_ShouldEndSceneOnMapChange;QuestLog_AdvancePlayhead_;QuestLog_InitPalettesBackup;QL_InitSceneObjectsAndActions;GetQuestLogStartType;QL_CopySaveState;QL_ResetPartyAndPC;QL_StartRecordingAction;QL_IsRoomToSaveAction;QL_IsRoomToSaveEvent;QL_ResetEventStates;QL_ResetRepeatEventTracker;QL_RecordAction_SceneEnd;QL_LoadAction_Wait;QL_RecordAction_Input;QL_LoadAction_Input;QL_RecordAction_MovementOrGfxChange;QL_LoadAction_MovementOrGfxChange;QL_EnableRecordingSteps;QL_SkipCommand;QL_UpdateLastDepartedLocation;QL_LoadAction_SceneEnd;QL_LoadEvent;QL_TryRepeatEvent;QL_RecordWait,
../pokefirered/src/quest_log_battle.c,../pokefirered/include/quest_log_battle.h,global.h;gflib.h;battle.h;battle_anim.h;link.h;overworld.h;quest_log.h;constants/trainers.h,150,,FUERA_DE_ALCANCE_CANDIDATO,OUT_OF_SCOPE_CANDIDATE,2,TrySetQuestLogBattleEvent;TrySetQuestLogLinkBattleEvent,0,TrySetQuestLogBattleEvent;TrySetQuestLogLinkBattleEvent,
../pokefirered/src/quest_log_events.c,,global.h;gflib.h;battle.h;data.h;dynamic_placeholder_text_util.h;event_data.h;event_scripts.h;menu_helpers.h;item.h;link.h;quest_log.h;party_menu.h;pokemon_storage_system.h;region_map.h;strings.h;constants/maps.h;constants/trainers.h;constants/items.h;constants/region_map_sections.h,2247,,FUERA_DE_ALCANCE_CANDIDATO,OUT_OF_SCOPE_CANDIDATE,0,,0,,
../pokefirered/src/quest_log_objects.c,../pokefirered/include/quest_log_objects.h,global.h;quest_log.h;fieldmap.h;field_player_avatar.h;metatile_behavior.h,146,,FUERA_DE_ALCANCE_CANDIDATO,OUT_OF_SCOPE_CANDIDATE,3,QL_RecordObjects;QL_LoadObjects;QL_TryStopSurfing,0,QL_RecordObjects;QL_LoadObjects;QL_TryStopSurfing,
../pokefirered/src/quest_log_player.c,../pokefirered/include/quest_log_player.h,global.h;bike.h;script.h;task.h;field_player_avatar.h;event_object_movement.h;field_effect.h;field_effect_helpers.h;quest_log.h;quest_log_player.h,197,,FUERA_DE_ALCANCE_CANDIDATO,OUT_OF_SCOPE_CANDIDATE,3,QuestLogUpdatePlayerSprite;QuestLogTryRecordPlayerAvatarGfxTransition;QuestLogCallUpdatePlayerSprite,0,QuestLogUpdatePlayerSprite;QuestLogTryRecordPlayerAvatarGfxTransition;QuestLogCallUpdatePlayerSprite,
../pokefirered/src/random.c,../pokefirered/include/random.h,global.h;random.h,18,src/fr/random.ts,CANDIDATO_TS_MISMO_NOMBRE,DOC_PARTIAL_OR_ADAPTED,4,Random;Random2;SeedRng;SeedRng2,1,Random2;SeedRng;SeedRng2,"Random() LCG multiplier/addend/upper-halfword, the zero-initialized state, random32's Random32 macro, and seedRng's u16 truncation match C. Remaining mismatch: TS does not call seedRng at the title exit with the Timer1-derived trainer ID, so the source's entropy/lifecycle coupling is absent. Header-only Random2/SeedRng2 declarations have no definitions in this decomp source tree."
../pokefirered/src/region_map.c,../pokefirered/include/region_map.h,global.h;gflib.h;scanline_effect.h;task.h;m4a.h;overworld.h;event_data.h;region_map.h;party_menu.h;field_effect.h;new_menu_helpers.h;menu.h;strings.h;map_preview_screen.h;constants/songs.h;constants/region_map_sections.h;constants/heal_locations.h;constants/maps.h;data/region_map/region_map_entry_strings.h;data/region_map/region_map_entries.h;data/region_map/region_map_layout_kanto.h;data/region_map/region_map_layout_sevii_123.h;data/region_map/region_map_layout_sevii_45.h;data/region_map/region_map_layout_sevii_67.h,4036,src/fr/regionMap.ts,CANDIDATO_TS_MISMO_NOMBRE,UNREVIEWED,5,GetMapName;GetMapNameGeneric;GetMapNameGeneric_;InitRegionMapWithExitCB;CB2_OpenFlyMap,3,GetMapNameGeneric;GetMapNameGeneric_,
../pokefirered/src/renewable_hidden_items.c,../pokefirered/include/renewable_hidden_items.h,global.h;event_data.h;random.h;constants/maps.h,608,src/fr/renewableHiddenItems.ts,PORTADO_EN_STATUS,DOC_PORTED_REVIEW_SCOPE,3,IncrementRenewableHiddenItemStepCounter;TryRegenerateRenewableHiddenItems;SetAllRenewableItemFlags,3,,
../pokefirered/src/reset_save_heap.c,../pokefirered/include/reset_save_heap.h,global.h;gflib.h;m4a.h;load_save.h;save.h;new_game.h;overworld.h,27,,SIN_MAPEO_NOMBRE_REVISAR,OUT_OF_SCOPE_DOCUMENTED,1,ReloadSave,0,ReloadSave,"ReloadSave is only called by link.c/RFU link recovery paths. Its EWRAM/register reset and SaveBlock reload are hardware/link recovery, not part of single-player progression; the browser save/continue path is implemented separately. This does not claim byte-level SaveBlock parity."
../pokefirered/src/reshow_battle_screen.c,../pokefirered/include/reshow_battle_screen.h,global.h;gflib.h;link.h;data.h;scanline_effect.h;help_system.h;battle.h;battle_interface.h;battle_anim.h;battle_controllers.h,314,,PORTADO_EN_STATUS,DOC_PORTED_REVIEW_SCOPE,2,ReshowBattleScreenDummy;ReshowBattleScreenAfterMenu,2,,
../pokefirered/src/roamer.c,../pokefirered/include/roamer.h,global.h;random.h;overworld.h;field_specials.h;constants/maps.h;constants/region_map_sections.h,264,src/fr/pokemon/roamer.ts,CANDIDATO_TS_MISMO_NOMBRE,DOC_PORTED_REVIEW_SCOPE,13,ClearRoamerData;ClearRoamerLocationData;InitRoamer;UpdateLocationHistoryForRoamer;RoamerMoveToOtherLocationSet;RoamerMove;IsRoamerAt;CreateRoamerMonInstance;TryStartRoamerEncounter;UpdateRoamerHPStatus;SetRoamerInactive;GetRoamerLocation;GetRoamerLocationMapSectionId,8,ClearRoamerLocationData;RoamerMoveToOtherLocationSet;IsRoamerAt;CreateRoamerMonInstance;GetRoamerLocation,"roamer.ts now distinguishes warp/continue movement (new location set) from camera-transition RoamerMove (1/16 set change), updates history in both paths, and mirrors source post-battle outcomes exactly: WON/CAUGHT/DREW deactivate; TELEPORTED does not. Calls are wired from Game.continueGame and the two overworld map-load paths. npm run check:port passed. No browser/encounter simulation in this source-review pass."
../pokefirered/src/rom_header_gf.c,,global.h;data.h;pokemon_icon.h;decoration.h;battle_main.h;item.h;pokeball.h;pokedex.h,171,,SIN_MAPEO_NOMBRE_REVISAR,OUT_OF_SCOPE_DOCUMENTED,0,,0,,"Defines a static Game Freak metadata/offset table with SaveBlock offsets and pointers to C data for external ROM consumers. Repository search finds no FireRed runtime caller; it is an integration header for external tools/services, not single-player game behavior. Classification applies only to this metadata export."
../pokefirered/src/safari_zone.c,../pokefirered/include/safari_zone.h,global.h;battle.h;event_scripts.h;overworld.h;script.h;event_data.h;field_screen_effect.h,79,src/fr/game.ts;src/fr/field/fieldEffects.ts;src/fr/battle/battleSetup.ts;src/fr/script/specials.ts,SIN_MAPEO_NOMBRE_REVISAR,DOC_PORTED_REVIEW_SCOPE,8,GetSafariZoneFlag;SetSafariZoneFlag;ResetSafariZoneFlag;EnterSafariMode;ExitSafariMode;SafariZoneTakeStep;SafariZoneRetirePrompt;CB2_EndSafariBattle,8,,"Reviewed all eight public APIs across TS modules: flag get/set/reset, enter/exit with 30 balls/600 steps/stat, step timeout script, retire prompt, and post-battle outcomes/warp paths. Function names are split across specials, Game, FieldEffects and battleSetup. Source-review parity; no Safari Zone browser playthrough was run."
../pokefirered/src/save.c,../pokefirered/include/save.h,global.h;save.h;decompress.h;overworld.h;load_save.h;task.h;link.h;save_failed_screen.h;fieldmap.h;pokemon_storage_system.h;gba/flash_internal.h;sloopsvc.h,963,src/fr/save.ts,CANDIDATO_TS_MISMO_NOMBRE,UNREVIEWED,15,d;ClearSaveData;Save_ResetSaveCounters;HandleSavingData;TrySavingData;LinkFullSave_Init;LinkFullSave_WriteSector;LinkFullSave_ReplaceLastSector;LinkFullSave_SetLastSectorSignature;WriteSaveBlock2;WriteSaveBlock1Sector;LoadGameSave;TryReadSpecialSaveSector;TryWriteSpecialSaveSector;Task_LinkFullSave,2,Save_ResetSaveCounters;HandleSavingData;TrySavingData;LinkFullSave_Init;LinkFullSave_WriteSector;LinkFullSave_ReplaceLastSector;LinkFullSave_SetLastSectorSignature;WriteSaveBlock2;WriteSaveBlock1Sector;LoadGameSave;TryReadSpecialSaveSector;TryWriteSpecialSaveSector;Task_LinkFullSave,
../pokefirered/src/save_failed_screen.c,../pokefirered/include/save_failed_screen.h,global.h;gflib.h;decompress.h;gba/flash_internal.h;help_system.h;m4a.h;save.h;strings.h,228,,SIN_MAPEO_NOMBRE_REVISAR,OUT_OF_SCOPE_DOCUMENTED,3,DoSaveFailedScreen;SetNotInSaveFailedScreen;RunSaveFailedScreen,0,DoSaveFailedScreen;SetNotInSaveFailedScreen;RunSaveFailedScreen,"Implements recovery UI and retry logic for physically damaged GBA Flash sectors using ReadFlash, ProgramFlashByte, sector erase/rewrite and save callbacks. Browser saves use localStorage and have no sectors or flash chip to repair. Excludes this hardware recovery screen only; corrupted, unavailable or incompatible browser save handling is not thereby proven equivalent."
../pokefirered/src/save_location.c,../pokefirered/include/save_location.h,global.h;save_location.h;constants/maps.h,112,,SIN_MAPEO_NOMBRE_REVISAR,OUT_OF_SCOPE_CANDIDATE,4,TrySetMapSaveWarpStatus;IsCurMapPokeCenter;SetUnlockedPokedexFlags;SetPostgameFlags,2,TrySetMapSaveWarpStatus;IsCurMapPokeCenter,"Reviewed against save_location.c and load_save.c: browser stores the current warp directly and continues from it; missing specialSaveWarpFlags cover Pokémon Center/lobby reset warps, GameCube link unlocks, and Champion/postgame behavior. No normal main-story single-player blocker found; defer until reset/link/postgame parity."
../pokefirered/src/save_menu_util.c,../pokefirered/include/save_menu_util.h,global.h;gflib.h;event_data.h;pokedex.h;region_map.h;save_menu_util.h,56,,SIN_MAPEO_NOMBRE_REVISAR,DOC_PARTIAL_OR_ADAPTED,1,SaveStatToString,0,SaveStatToString,"Game.startMenuSave now renders source-derived location, player, badges, Pokédex and time values in a stats panel before confirmation. Simplified Canvas window/color handling; exact palette/text control parity still unverified."
../pokefirered/src/scanline_effect.c,../pokefirered/include/scanline_effect.h,global.h;task.h;trig.h;scanline_effect.h,261,,SIN_MAPEO_NOMBRE_REVISAR,DOC_PORTED_REVIEW_SCOPE,6,d;ScanlineEffect_Stop;ScanlineEffect_Clear;ScanlineEffect_SetParams;ScanlineEffect_InitHBlankDmaTransfer;ScanlineEffect_InitWave,6,,"TS hw/scanline.ts implements the 16/32-bit HBlank DMA register path, double buffers, stop/clear/params, first-line+per-scanline PPU writes, wave task, sine generation and optional battle BG offsets. Call path is wired into the PPU scanline renderer. Source-to-TS review only; no frame-by-frame visual comparison in this pass."
../pokefirered/src/scrcmd.c,,global.h;gflib.h;script.h;mystery_event_script.h;event_data.h;random.h;item.h;overworld.h;field_screen_effect.h;quest_log.h;map_preview_screen.h;fieldmap.h;field_weather.h;field_tasks.h;field_fadetransition.h;field_player_avatar.h;script_movement.h;event_object_movement.h;event_object_lock.h;field_message_box.h;new_menu_helpers.h;script_menu.h;data.h;field_specials.h;constants/items.h;script_pokemon_util.h;pokemon_storage_system.h;party_menu.h;money.h;coins.h;battle_setup.h;shop.h;slot_machine.h;field_effect.h;field_door.h;constants/event_objects.h;constants/maps.h;constants/sound.h;sloopsvc.h,2264,,SIN_MAPEO_NOMBRE_REVISAR,UNREVIEWED,0,,0,,
../pokefirered/src/script.c,../pokefirered/include/script.h,global.h;script.h;event_data.h;quest_log.h;mystery_gift.h;constants/maps.h;constants/map_scripts.h,583,,SIN_MAPEO_NOMBRE_REVISAR,DOC_PARTIAL_OR_ADAPTED,49,bool8;InitScriptContext;SetupBytecodeScript;SetupNativeScript;StopScript;RunScriptCommand;ScriptJump;ScriptCall;ScriptReturn;ScriptReadHalfword;ScriptReadWord;LockPlayerFieldControls;UnlockPlayerFieldControls;ArePlayerFieldControlsLocked;ScriptContext_Init;ScriptContext_IsEnabled;ScriptContext_RunScript;ScriptContext_SetupScript;ScriptContext_Stop;ScriptContext_Enable;RunScriptImmediately;RunOnLoadMapScript;RunOnTransitionMapScript;RunOnResumeMapScript;RunOnReturnToFieldMapScript;RunOnDiveWarpMapScript;TryRunOnFrameMapScript;TryRunOnWarpIntoMapScript;CalculateRamScriptChecksum;ClearRamScript;InitRamScript;GetRamScript;ValidateRamScript;InitRamScript_NoObjectEvent;GetSavedRamScriptIfValid;RegisterQuestLogInput;ClearMsgBoxCancelableState;SetQuestLogInputIsDpadFlag;ClearQuestLogInput;ClearQuestLogInputIsDpadFlag;MsgSetSignpost;MsgSetNotSignpost;IsMsgSignpost;IsQuestLogInputDpad;GetRegisteredQuestLogInput;ResetFacingNpcOrSignpostVars;CanWalkAwayToCancelMsgBox;SetWalkingIntoSignVars;IsMsgBoxWalkawayDisabled,7,bool8;InitScriptContext;SetupBytecodeScript;SetupNativeScript;StopScript;ScriptJump;ScriptCall;ScriptReturn;ScriptReadHalfword;ScriptReadWord;LockPlayerFieldControls;UnlockPlayerFieldControls;ArePlayerFieldControlsLocked;ScriptContext_Init;ScriptContext_IsEnabled;RunOnLoadMapScript;RunOnTransitionMapScript;RunOnResumeMapScript;RunOnReturnToFieldMapScript;RunOnDiveWarpMapScript;TryRunOnFrameMapScript;TryRunOnWarpIntoMapScript;CalculateRamScriptChecksum;ClearRamScript;InitRamScript;GetRamScript;ValidateRamScript;InitRamScript_NoObjectEvent;GetSavedRamScriptIfValid;RegisterQuestLogInput;ClearMsgBoxCancelableState;SetQuestLogInputIsDpadFlag;ClearQuestLogInput;ClearQuestLogInputIsDpadFlag;MsgSetSignpost;MsgSetNotSignpost;IsMsgSignpost;IsQuestLogInputDpad;GetRegisteredQuestLogInput;ResetFacingNpcOrSignpostVars;CanWalkAwayToCancelMsgBox;IsMsgBoxWalkawayDisabled,"Bytecode/native context, call stack, immediate/global execution and map-script table runners are represented in script/context.ts and overworld.ts; command handlers are separate in commands.ts. C RAM-script magic/checksum/save-persistence, saved wonder-card script validation, signpost/cancel flags, and Quest Log input recorder helpers lack complete equivalents. Marked partial; 213 handler registration is not proof of behavior."
../pokefirered/src/script_menu.c,../pokefirered/include/script_menu.h,global.h;gflib.h;menu.h;task.h;script_menu.h;quest_log.h;new_menu_helpers.h;event_data.h;script.h;strings.h;field_effect.h;event_scripts.h;constants/songs.h;constants/seagallop.h;constants/menu.h,1341,src/fr/menus/scriptMenu.ts,CANDIDATO_TS_MISMO_NOMBRE,UNREVIEWED,10,ScriptMenu_Multichoice;ScriptMenu_MultichoiceWithDefault;ScriptMenu_YesNo;ScriptMenu_MultichoiceGrid;ScriptMenu_ShowPokemonPic;CreatePCMenu;ScriptMenu_DisplayPCStartupPrompt;l8;QL_DestroyAbortedDisplay;PicboxCancel,1,ScriptMenu_Multichoice;ScriptMenu_MultichoiceWithDefault;ScriptMenu_YesNo;ScriptMenu_MultichoiceGrid;ScriptMenu_ShowPokemonPic;ScriptMenu_DisplayPCStartupPrompt;l8;QL_DestroyAbortedDisplay;PicboxCancel,
../pokefirered/src/script_movement.c,../pokefirered/include/script_movement.h,global.h;task.h;util.h;event_object_movement.h;constants/event_objects.h;constants/event_object_movement.h,226,,SIN_MAPEO_NOMBRE_REVISAR,DOC_PORTED_REVIEW_SCOPE,3,ScriptMovement_StartObjectMovementScript;ScriptMovement_IsObjectMovementFinished;ScriptMovement_UnfreezeObjectEvents,2,ScriptMovement_IsObjectMovementFinished,"StartObjectMovementScript resolves the requested map object and returns C's failure/pending state; repeated starts, script-slot capacity/reuse, per-frame held-movement waits, pointer advancement, STEP_END freeze, is-finished checks and unfreeze/stop are represented by script/movement.ts using object references instead of C task.data packed IDs. Source-reviewed only; timing and task-table interactions were not run."
../pokefirered/src/script_pokemon_util.c,../pokefirered/include/script_pokemon_util.h,global.h;gflib.h;berry.h;daycare.h;event_data.h;load_save.h;overworld.h;party_menu.h;pokedex.h;script_pokemon_util.h;constants/items.h;constants/pokemon.h,215,,SIN_MAPEO_NOMBRE_REVISAR,DOC_PARTIAL_OR_ADAPTED,6,ScriptGiveMon;ScriptGiveEgg;ScriptSetMonMoveSlot;HealPlayerParty;ReducePlayerPartyToThree;CreateScriptedWildMon,2,ScriptGiveMon;ScriptGiveEgg;ScriptSetMonMoveSlot;CreateScriptedWildMon,"HealPlayerParty and DoesPartyHaveEnigmaBerry have TS special handlers; HasEnoughMonsForDoubleBattle previously collapsed the C three-state result and now returns PLAYER_HAS_ONE_MON for a one-slot party, otherwise TWO_USABLE or ONE_USABLE based on living non-eggs. ScriptGiveMon, ScriptGiveEgg, ScriptSetMonMoveSlot, CreateScriptedWildMon have no same-name TS functions; party menu selection hooks remain no-ops in specials.ts. Source review only; compile check pending."
../pokefirered/src/seagallop.c,,global.h;gflib.h;scanline_effect.h;trainer_pokemon_sprites.h;text_window.h;task.h;help_system.h;overworld.h;event_data.h;field_fadetransition.h;field_weather.h;constants/songs.h;constants/maps.h;constants/seagallop.h,504,src/fr/seagallop.ts,CANDIDATO_TS_MISMO_NOMBRE,DOC_PORTED_REVIEW_SCOPE,0,,0,,"Ferry setup state machine, route bitmap/table, direction/number, water scroll, ferry/wake animation, palette fade, destination menu selection and final warp are ported in seagallop.ts with exported source assets. Adapted to Canvas/WebAudio; no frame-by-frame visual comparison was run."
../pokefirered/src/shop.c,../pokefirered/include/shop.h,global.h;gflib.h;shop.h;menu.h;data.h;graphics.h;strings.h;list_menu.h;new_menu_helpers.h;party_menu.h;field_specials.h;field_weather.h;task.h;item.h;item_menu.h;overworld.h;field_fadetransition.h;scanline_effect.h;item_menu_icons.h;decompress.h;menu_indicators.h;field_player_avatar.h;fieldmap.h;event_object_movement.h;money.h;quest_log.h;script.h;constants/songs.h;constants/items.h;constants/game_stat.h;constants/field_weather.h,1145,,SIN_MAPEO_NOMBRE_REVISAR,UNREVIEWED,12,CreatePokemartMenu;CreateDecorationShop1Menu;CreateDecorationShop2Menu;GetMartFontId;RecordItemTransaction;BuyMenuInitWindows;BuyMenuDrawMoneyBox;BuyMenuPrint;BuyMenuDisplayMessage;BuyMenuQuantityBoxNormalBorder;BuyMenuQuantityBoxThinBorder;BuyMenuConfirmPurchase,0,CreatePokemartMenu;CreateDecorationShop1Menu;CreateDecorationShop2Menu;GetMartFontId;RecordItemTransaction;BuyMenuInitWindows;BuyMenuDrawMoneyBox;BuyMenuPrint;BuyMenuDisplayMessage;BuyMenuQuantityBoxNormalBorder;BuyMenuQuantityBoxThinBorder;BuyMenuConfirmPurchase,
../pokefirered/src/sloopsvc.c,../pokefirered/include/sloopsvc.h,global.h;librfu.h;link_rfu.h;link.h;sloopsvc.h,294,,SIN_MAPEO_NOMBRE_REVISAR,OUT_OF_SCOPE_DOCUMENTED,24,svc_40;svc_41;svc_47;svc_42;svc_49;svc_45_rfu_link_status;svc_4a;svc_43;svc_44;svc_53;svc_51;svc_4b;svc_WriteSector;svc_ReplaceSector;svc_FinishSave;svc_CommsAllowedByParentalControls;svc_BadWordCheck;svc_4f;svc_50;svc_SetSaveBlock2;svc_stubbed;svc_SetStarter;svc_SetActivity;svc_IncrementLinkError,0,svc_40;svc_41;svc_47;svc_42;svc_49;svc_45_rfu_link_status;svc_4a;svc_43;svc_44;svc_53;svc_51;svc_4b;svc_WriteSector;svc_ReplaceSector;svc_FinishSave;svc_CommsAllowedByParentalControls;svc_BadWordCheck;svc_4f;svc_50;svc_SetSaveBlock2;svc_stubbed;svc_SetStarter;svc_SetActivity;svc_IncrementLinkError,"Revision-10 Sloop emulator SWI bridge for RFU/link state, emulator save sectors/finish-save, parental communication controls, bad-word service, starter/activity telemetry and link-error counters. These syscalls are supplied by the emulator rather than the FireRed gameplay runtime; the web port uses browser storage and has no RFU/Sloop services. No single-player rule implementation is in this module."
../pokefirered/src/slot_machine.c,../pokefirered/include/slot_machine.h,global.h;gflib.h;decompress.h;task.h;coins.h;quest_log.h;overworld.h;menu.h;new_menu_helpers.h;text_window.h;random.h;trig.h;strings.h;constants/songs.h,2527,src/fr/menus/slotMachine.ts,CANDIDATO_TS_MISMO_NOMBRE,DOC_PARTIAL_OR_ADAPTED,1,PlaySlotMachine,1,,
../pokefirered/src/sound.c,../pokefirered/include/sound.h,global.h;gba/m4a_internal.h;gflib.h;battle.h;quest_log.h;m4a.h;constants/songs.h;constants/sound.h;task.h,649,src/fr/audio/sound.ts,CANDIDATO_TS_MISMO_NOMBRE,DOC_PARTIAL_OR_ADAPTED,43,InitMapMusic;MapMusicMain;ResetMapMusic;GetCurrentMapMusic;PlayNewMapMusic;StopMapMusic;FadeOutMapMusic;FadeOutAndPlayNewMapMusic;FadeOutAndFadeInNewMapMusic;IsNotWaitingForBGMStop;PlayFanfareByFanfareNum;WaitFanfare;StopFanfareByFanfareNum;PlayFanfare;IsFanfareTaskInactive;FadeInNewBGM;FadeOutBGMTemporarily;IsBGMPausedOrStopped;FadeInBGM;FadeOutBGM;IsBGMStopped;PlayCry_Normal;PlayCry_NormalNoDucking;PlayCry_ByMode;PlayCry_ReleaseDouble;PlayCry_Script;PlayCryInternal;IsCryFinished;StopCryAndClearCrySongs;StopCry;IsCryPlayingOrClearCrySongs;IsCryPlaying;PlayBGM;PlaySE;PlaySE12WithPanning;PlaySE1WithPanning;PlaySE2WithPanning;SE12PanpotControl;IsSEPlaying;IsBGMPlaying;IsSpecialSEPlaying;SetBGMVolume_SuppressHelpSystemReduction;BGMVolumeMax_EnableHelpSystemReduction,8,InitMapMusic;MapMusicMain;ResetMapMusic;GetCurrentMapMusic;StopMapMusic;FadeOutAndPlayNewMapMusic;FadeOutAndFadeInNewMapMusic;IsNotWaitingForBGMStop;PlayFanfareByFanfareNum;WaitFanfare;StopFanfareByFanfareNum;PlayFanfare;FadeInNewBGM;FadeOutBGMTemporarily;IsBGMPausedOrStopped;FadeInBGM;FadeOutBGM;IsBGMStopped;PlayCry_Normal;PlayCry_NormalNoDucking;PlayCry_ByMode;PlayCry_ReleaseDouble;PlayCry_Script;PlayCryInternal;IsCryFinished;StopCryAndClearCrySongs;StopCry;IsCryPlaying;PlaySE;PlaySE2WithPanning;IsSEPlaying;IsBGMPlaying;IsSpecialSEPlaying;SetBGMVolume_SuppressHelpSystemReduction;BGMVolumeMax_EnableHelpSystemReduction,"Map music state, fades/fanfares, SEs, cry modes, pitch/pan/ducking and wait/playing state have browser counterparts in audio/sound.ts and m4a.ts, but output uses a WebAudio sequencer rather than the GBA M4A engine; source music/effect fidelity remains incomplete. Marked partial for behavior/render fidelity; no audio comparison."
../pokefirered/src/special_field_anim.c,../pokefirered/include/special_field_anim.h,global.h;event_data.h;task.h;field_player_avatar.h;fieldmap.h;field_camera.h;constants/metatile_labels.h,341,,SIN_MAPEO_NOMBRE_REVISAR,DOC_PARTIAL_OR_ADAPTED,3,StartEscalator;StopEscalator;IsEscalatorMoving,0,StartEscalator;StopEscalator;IsEscalatorMoving,"StartEscalator/StopEscalator/IsEscalatorMoving animate 3x3 escalator metatiles over three transition stages via field tasks; no equivalent task/visual choreography found in TS, though escalator warp routing exists. AnimateTeleporterHousing and AnimateTeleporterCable are explicit no-op specials in specials.ts; source changes specific Sea Cottage metatiles over 13x16-frame and 4x4-frame sequences. Source-backed gameplay/visual gaps; not ported."
../pokefirered/src/sprite.c,../pokefirered/include/sprite.h,global.h;gflib.h,1745,src/fr/gba/sprite.ts;src/fr/hw/sprite.ts,CANDIDATO_TS_MISMO_NOMBRE,UNREVIEWED,61,void;ResetSpriteData;AnimateSprites;BuildOamBuffer;CreateSprite;CreateSpriteAtEnd;CreateInvisibleSprite;CreateSpriteAndAnimate;DestroySprite;ResetOamRange;LoadOam;SetOamMatrix;CalcCenterToCornerVec;SpriteCallbackDummy;ProcessSpriteCopyRequests;RequestSpriteCopy;FreeSpriteTiles;FreeSpritePalette;FreeSpriteOamMatrix;DestroySpriteAndFreeResources;AnimateSprite;StartSpriteAnim;StartSpriteAnimIfDifferent;SeekSpriteAnim;StartSpriteAffineAnim;StartSpriteAffineAnimIfDifferent;ChangeSpriteAffineAnim;ChangeSpriteAffineAnimIfDifferent;SetSpriteSheetFrameTileNum;AllocOamMatrix;FreeOamMatrix;InitSpriteAffineAnim;SetOamMatrixRotationScaling;LoadSpriteSheet;LoadSpriteSheets;AllocTilesForSpriteSheet;AllocTilesForSpriteSheets;FreeSpriteTilesByTag;FreeSpriteTileRanges;GetSpriteTileStartByTag;GetSpriteTileTagByTileStart;RequestSpriteSheetCopy;LoadSpriteSheetDeferred;FreeAllSpritePalettes;LoadSpritePalette;LoadSpritePalettes;AllocSpritePalette;IndexOfSpritePaletteTag;GetSpritePaletteTagByPaletteNum;FreeSpritePaletteByTag;SetSubspriteTables;AddSpriteToOamBuffer;AddSubspritesToOamBuffer;CopyToSprites;CopyFromSprites;SpriteTileAllocBitmapOp;ClearSpriteCopyRequests;ResetAffineAnimData;FreeSpriteTilesIfNotUsingSheet;AllocSpriteTiles;SetSpriteMatrixAnchor,55,AllocTilesForSpriteSheets;RequestSpriteSheetCopy;LoadSpriteSheetDeferred;AddSubspritesToOamBuffer;CopyToSprites;CopyFromSprites,
../pokefirered/src/ss_anne.c,,global.h;gflib.h;task.h;event_object_movement.h;script.h;constants/songs.h,200,,SIN_MAPEO_NOMBRE_REVISAR,DOC_PORTED_REVIEW_SCOPE,0,,0,,"The 50-frame horn delay, loaded wake/smoke frame data, 70-frame smoke interval, boat x2 drift at floor(frame/5), offscreen threshold, second horn, 40-frame finish delay and script resume are mapped in specialsExtra.ts. Sprite sizes, animation frame durations and callbacks match C using Canvas field sprites. Source-reviewed; no visual timing comparison."
../pokefirered/src/start_menu.c,../pokefirered/include/start_menu.h,global.h;gflib.h;scanline_effect.h;overworld.h;link.h;pokedex.h;item_menu.h;party_menu.h;save.h;link_rfu.h;help_message.h;event_data.h;fieldmap.h;safari_zone.h;start_menu.h;menu.h;load_save.h;strings.h;menu_helpers.h;text_window.h;field_fadetransition.h;field_player_avatar.h;new_menu_helpers.h;event_object_movement.h;event_object_lock.h;script.h;quest_log.h;new_game.h;event_scripts.h;field_weather.h;field_specials.h;pokedex_screen.h;trainer_card.h;option_menu.h;save_menu_util.h;help_system.h;constants/songs.h;constants/field_weather.h;sloopsvc.h,1016,,SIN_MAPEO_NOMBRE_REVISAR,DOC_PENDING,6,AppendToList;Task_StartMenuHandleInput;SetUpReturnToStartMenu;ShowStartMenu;Field_AskSaveTheGame;CB2_SetUpSaveAfterLinkBattle,1,AppendToList;Task_StartMenuHandleInput;SetUpReturnToStartMenu;ShowStartMenu;CB2_SetUpSaveAfterLinkBattle,
../pokefirered/src/string_util.c,../pokefirered/include/string_util.h,global.h;gflib.h,726,,SIN_MAPEO_NOMBRE_REVISAR,DOC_PARTIAL_OR_ADAPTED,28,StringCopy_Nickname;StringGet_Nickname;StringCopy_PlayerName;StringCopy;StringAppend;StringCopyN;StringAppendN;StringLength;StringCompare;StringCompareN;IsStringLengthAtLeast;ConvertIntToDecimalStringN;ConvertUIntToDecimalStringN;ConvertIntToHexStringN;StringExpandPlaceholders;StringBraille;GetExpandedPlaceholder;StringFill;StringCopyPadded;StringFillWithTerminator;StringCopyN_Multibyte;StringLength_Multibyte;WriteColorChangeControlCode;IsStringJapanese;GetExtCtrlCodeLength;StringCompareWithoutExtCtrlCodes;ConvertInternationalString;StripExtCtrlCodes,5,StringCopy_PlayerName;StringCopy;StringAppend;StringCopyN;StringAppendN;StringCompare;StringCompareN;IsStringLengthAtLeast;ConvertUIntToDecimalStringN;ConvertIntToHexStringN;StringBraille;GetExpandedPlaceholder;StringFill;StringCopyPadded;StringFillWithTerminator;StringCopyN_Multibyte;StringLength_Multibyte;WriteColorChangeControlCode;IsStringJapanese;GetExtCtrlCodeLength;StringCompareWithoutExtCtrlCodes;ConvertInternationalString;StripExtCtrlCodes,"Core GBA byte-string operations are spread across gba/charmap.ts, textPrinter.ts and battle/message.ts: copy/concat/length, decimal formatting, control-code length, general and battle placeholder expansion. No source-equivalent Braille-string formatter found (Braille has its own partial adapter); Japanese/international conversion and all multibyte/control-code comparison helpers are not exhaustively represented. Partial source/API audit; no parity vectors run."
../pokefirered/src/strings.c,../pokefirered/include/strings.h,global.h;strings.h;data/text/quest_log.h;data/text/teachy_tv.h,1335,,SIN_MAPEO_NOMBRE_REVISAR,UNREVIEWED,0,,0,,
../pokefirered/src/task.c,../pokefirered/include/task.h,global.h;task.h,211,,SIN_MAPEO_NOMBRE_REVISAR,DOC_PORTED_REVIEW_SCOPE,13,void;ResetTasks;CreateTask;DestroyTask;RunTasks;TaskDummy;SetTaskFuncWithFollowupFunc;SwitchTaskToFollowupFunc;FuncIsActiveTask;FindTaskIdByFunc;GetTaskCount;SetWordTaskArg;GetWordTaskArg,10,GetTaskCount;SetWordTaskArg;GetWordTaskArg,"Reworked gba/tasks.ts to match C's linked priority order and stable insertion order (including reused slot IDs), traversal during callbacks and destroy, reset data/state, 16-slot exhaustion behavior, task queries/count and 32-bit word args. Followup callbacks are stored as JS function references rather than split pointer halfwords in data[14:16], preserving behavior in web. npm run check:port passes; no frame-order comparison was run."
../pokefirered/src/teachy_tv.c,../pokefirered/include/teachy_tv.h,task.h;gflib.h;menu_helpers.h;new_menu_helpers.h;scanline_effect.h;decompress.h;list_menu.h;item_menu.h;item.h;menu_indicators.h;event_object_movement.h;random.h;constants/songs.h;constants/items.h;event_data.h;load_save.h;battle_transition.h;battle_main.h;battle.h;battle_controllers.h;global.fieldmap.h;teachy_tv.h;help_system.h;overworld.h;graphics.h;fieldmap.h;strings.h;constants/field_effects.h;constants/event_objects.h,1400,,SIN_MAPEO_NOMBRE_REVISAR,DOC_PARTIAL_OR_ADAPTED,3,InitTeachyTvController;CB2_ReturnToTeachyTV;SetTeachyTvControllerModeToResume,0,InitTeachyTvController;CB2_ReturnToTeachyTV;SetTeachyTvControllerModeToResume,"The six program labels and narration flow are adapted in menus/keyItemScreens.ts. GBA graphics, menu behavior and the Pokédude battle controller remain unported."
../pokefirered/src/text.c,../pokefirered/include/text.h,global.h;gflib.h;m4a.h;quest_log.h;graphics.h;dynamic_placeholder_text_util.h;constants/songs.h,1695,src/fr/hw/text.ts,CANDIDATO_TS_MISMO_NOMBRE,UNREVIEWED,45,d;__attribute__;SetFontsPointer;DeactivateAllTextPrinters;AddTextPrinterParameterized;AddTextPrinter;RunTextPrinters;IsTextPrinterActive;RenderFont;GenerateFontHalfRowLookupTable;SaveTextColors;RestoreTextColors;DecompressGlyphTile;GetLastTextColor;CopyGlyphToWindow;ClearTextSpan;FontFunc_Small;FontFunc_NormalCopy1;FontFunc_Normal;FontFunc_NormalCopy2;FontFunc_Male;FontFunc_Female;FontFunc_Braille;TextPrinterInitDownArrowCounters;TextPrinterDrawDownArrow;TextPrinterClearDownArrow;TextPrinterWaitAutoMode;TextPrinterWaitWithDownArrow;TextPrinterWait;DrawDownArrow;RenderText;GetStringWidth;RenderTextHandleBold;DrawKeypadIcon;GetKeypadIconTileOffset;GetKeypadIconWidth;GetKeypadIconHeight;GetFontAttribute;GetMenuCursorDimensionByFont;DecompressGlyph_Small;DecompressGlyph_Normal;DecompressGlyph_Female;GetGlyphWidth_Braille;CreateTextCursorSprite;DestroyTextCursorSprite,14,__attribute__;SetFontsPointer;RenderFont;GenerateFontHalfRowLookupTable;SaveTextColors;RestoreTextColors;DecompressGlyphTile;GetLastTextColor;CopyGlyphToWindow;ClearTextSpan;FontFunc_Small;FontFunc_NormalCopy1;FontFunc_Normal;FontFunc_NormalCopy2;FontFunc_Male;FontFunc_Female;FontFunc_Braille;TextPrinterInitDownArrowCounters;TextPrinterDrawDownArrow;TextPrinterClearDownArrow;TextPrinterWaitAutoMode;TextPrinterWaitWithDownArrow;TextPrinterWait;DrawDownArrow;DrawKeypadIcon;GetKeypadIconTileOffset;GetKeypadIconWidth;GetKeypadIconHeight;DecompressGlyph_Normal;DecompressGlyph_Female;GetGlyphWidth_Braille,
../pokefirered/src/text_printer.c,,global.h;window.h;text.h,326,src/fr/gba/textPrinter.ts,CANDIDATO_TS_MISMO_NOMBRE,DOC_PARTIAL_OR_ADAPTED,0,,0,,Printer state machine/control codes/colors/delays/scroll/prompt are implemented across gba/textPrinter.ts and hw/text.ts. Source ClearTextSpan is an empty stub; changed TS clearSpan to no-op to match it. Glyph rasterization uses exported web font data rather than GBA tile lookup/half-row VRAM copying; Braille custom glyph path remains missing (tracked under braille_text.c). npm run check:port passed; no pixel/frame comparison.
../pokefirered/src/text_window.c,../pokefirered/include/text_window.h,global.h;gflib.h;text_window.h;text_window_graphics.h;help_message.h;new_menu_helpers.h,177,,SIN_MAPEO_NOMBRE_REVISAR,DOC_PARTIAL_OR_ADAPTED,14,rbox_fill_rectangle;GetTextWindowPalette;GetOverworldTextboxPalettePtr;LoadMenuMessageWindowGfx;LoadStdWindowGfx;LoadUserWindowGfx;LoadUserWindowGfx2;LoadStdWindowGfxOnBg;DrawTextBorderOuter;DrawTextBorderInner;LoadHelpMessageWindowGfx;LoadSignpostWindowGfx;LoadStdWindowTiles;LoadQuestLogWindowTiles,6,rbox_fill_rectangle;GetOverworldTextboxPalettePtr;LoadUserWindowGfx2;DrawTextBorderInner;LoadHelpMessageWindowGfx;LoadSignpostWindowGfx;LoadStdWindowTiles;LoadQuestLogWindowTiles,"Standard/user/menu frame graphics and palettes, GetTextWindowPalette, dialogue frames, and outer text borders are represented in hw/menu.ts and menuHelpers.ts using exported C frame data. No TS equivalents for LoadSignpostWindowGfx, LoadQuestLogWindowTiles, DrawTextBorderInner, or rbox_fill_rectangle; field signpost/window rendering also uses Canvas2D adaptation."
../pokefirered/src/text_window_graphics.c,../pokefirered/include/text_window_graphics.h,global.h;text_window_graphics.h,65,src/fr/hw/menu.ts,SIN_MAPEO_NOMBRE_REVISAR,DOC_PORTED_REVIEW_SCOPE,1,GetUserWindowGraphics,1,,All cdata/incbin definitions are exported. GetUserWindowGraphics is implemented in hw/menu.ts with the C out-of-range fallback to frame 0; user-frame loaders and standard text-window tiles/palettes consume the exported symbols. No separate pixel parity comparison of every frame was run.
../pokefirered/src/tilemap_util.c,../pokefirered/include/tilemap_util.h,global.h;bg.h;tilemap_util.h;malloc.h,238,,SIN_MAPEO_NOMBRE_REVISAR,DOC_PARTIAL_OR_ADAPTED,7,TilemapUtil_Init;TilemapUtil_Free;TilemapUtil_SetTilemap;TilemapUtil_SetPos;TilemapUtil_SetRect;TilemapUtil_Move;TilemapUtil_Update,0,TilemapUtil_Init;TilemapUtil_Free;TilemapUtil_SetTilemap;TilemapUtil_SetPos;TilemapUtil_SetRect;TilemapUtil_Move;TilemapUtil_Update,"Implements rectangle/position copying for the PKMN Data, party-menu and close-box tilemaps in pokemon_storage_system_tasks.c, including the sliding party menu and alternating close-box states. The web storage UI is still a menu adapter and does not render these source tilemaps or call TilemapUtil. Optional PC box presentation only; no effect on party/battle progression. Source review only."
../pokefirered/src/tileset_anims.c,../pokefirered/include/tileset_anims.h,global.h,332,,SIN_MAPEO_NOMBRE_REVISAR,DOC_PORTED_REVIEW_SCOPE,10,InitTilesetAnimations;InitSecondaryTilesetAnimation;UpdateTilesetAnimations;TransferTilesetAnimsBuffer;InitTilesetAnim_General;InitTilesetAnim_CeladonCity;InitTilesetAnim_VermilionGym;InitTilesetAnim_CeladonGym;InitTilesetAnim_SilphCo;InitTilesetAnim_MtEmber,7,InitTilesetAnimations;InitSecondaryTilesetAnimation;TransferTilesetAnimsBuffer,"TilesetAnimator in field/tileRenderer.ts covers all six C callbacks, frame arrays/order, destinations/counts, modulo periods and frame counters. Canvas writes tiles immediately instead of queued DMA3; prime() draws initial frames on load. Source/timing review only; no browser or pixel comparison."
../pokefirered/src/tilesets.c,../pokefirered/include/tilesets.h,global.h;tilesets.h;tileset_anims.h;data/tilesets/graphics.h;data/tilesets/metatiles.h;data/tilesets/headers.h,7,,SIN_MAPEO_NOMBRE_REVISAR,DOC_PORTED_REVIEW_SCOPE,0,,0,,"This compilation unit contains no functions; it includes the authoritative graphics, metatile and tileset-header tables. tools/decomp/step_tilesets.py exports those C declarations/assets into public/fr/tilesets, and rom.loadTileset consumes the generated map tilesets. Reviewed as data-path parity for this file; tileset callbacks and visual/runtime parity have separate coverage."
../pokefirered/src/title_screen.c,../pokefirered/include/title_screen.h,global.h;gflib.h;task.h;new_menu_helpers.h;m4a.h;scanline_effect.h;graphics.h;help_system.h;intro.h;load_save.h;new_game.h;random.h;save.h;main_menu.h;clear_save_data_screen.h;berry_fix_program.h;decompress.h;constants/songs.h,1315,,PORTADO_EN_STATUS,DOC_PORTED_REVIEW_SCOPE,1,CB2_InitTitleScreen,1,,
../pokefirered/src/tm_case.c,../pokefirered/include/tm_case.h,global.h;tm_case.h;gflib.h;decompress.h;graphics.h;task.h;text_window.h;menu.h;menu_helpers.h;new_menu_helpers.h;list_menu.h;item.h;item_menu.h;link.h;money.h;shop.h;teachy_tv.h;pokemon_storage_system.h;party_menu.h;data.h;scanline_effect.h;strings.h;menu_indicators.h;constants/items.h;constants/songs.h;constants/quest_log.h,1737,src/fr/tmCase.ts,CANDIDATO_TS_MISMO_NOMBRE,UNREVIEWED,3,InitTMCase;ResetTMCaseCursorPos;Pokedude_InitTMCase,2,Pokedude_InitTMCase,
../pokefirered/src/trade.c,../pokefirered/include/trade.h,global.h;gflib.h;task.h;decompress.h;text_window.h;pokemon_icon.h;graphics.h;link.h;link_rfu.h;cable_club.h;data.h;strings.h;menu.h;overworld.h;battle_anim.h;party_menu.h;daycare.h;event_data.h;battle_interface.h;pokemon_summary_screen.h;pokemon_storage_system.h;new_menu_helpers.h;trade_scene.h;constants/songs.h;constants/moves.h;constants/trade.h,2958,,SIN_MAPEO_NOMBRE_REVISAR,DOC_PARTIAL_OR_ADAPTED,5,CB2_StartCreateTradeMenu;GetGameProgressForLinkTrade;CanRegisterMonForTradingBoard;GetUnionRoomTradeMessageId;CB2_ReturnToTradeMenuFromSummary,0,CB2_StartCreateTradeMenu;GetGameProgressForLinkTrade;CanRegisterMonForTradingBoard;GetUnionRoomTradeMessageId;CB2_ReturnToTradeMenuFromSummary,
../pokefirered/src/trade_scene.c,../pokefirered/include/trade_scene.h,global.h;gflib.h;task.h;util.h;decompress.h;trade.h;link.h;link_rfu.h;mystery_gift.h;graphics.h;strings.h;menu.h;data.h;battle.h;script.h;event_data.h;mail.h;mail_data.h;pokeball.h;evolution_scene.h;overworld.h;field_fadetransition.h;quest_log.h;help_system.h;new_menu_helpers.h;pokedex.h;save.h;load_save.h;random.h;trade_scene.h;constants/items.h;constants/easy_chat.h;constants/songs.h;constants/region_map_sections.h;constants/moves.h;sloopsvc.h;data/ingame_trades.h,2916,,SIN_MAPEO_NOMBRE_REVISAR,DOC_PARTIAL_OR_ADAPTED,9,CB2_LinkTrade;CreateInGameTradePokemon;DoInGameTradeScene;DrawTextOnTradeWindow;GetInGameTradeSpeciesInfo;GetTradeSpecies;InitTradeSequenceBgGpuRegs;LinkTradeDrawWindow;LoadTradeAnimGfx,4,CB2_LinkTrade;DrawTextOnTradeWindow;InitTradeSequenceBgGpuRegs;LinkTradeDrawWindow;LoadTradeAnimGfx,
../pokefirered/src/trainer_card.c,../pokefirered/include/trainer_card.h,global.h;gflib.h;scanline_effect.h;task.h;link.h;overworld.h;menu.h;event_data.h;easy_chat.h;money.h;strings.h;trainer_card.h;pokedex.h;pokemon_icon.h;graphics.h;help_system.h;trainer_pokemon_sprites.h;new_menu_helpers.h;constants/songs.h;constants/game_stat.h;constants/trainers.h,1959,src/fr/menus/trainerCard.ts,PORTADO_EN_STATUS,DOC_PORTED_REVIEW_SCOPE,4,ShowPlayerTrainerCard;ShowTrainerCardInLink;GetTrainerCardStars;TrainerCard_GenerateCardForLinkPlayer,3,ShowTrainerCardInLink,
../pokefirered/src/trainer_fan_club.c,,global.h;gflib.h;battle.h;event_data.h;event_scripts.h;random.h;constants/trainer_fan_club.h,347,,SIN_MAPEO_NOMBRE_REVISAR,DOC_PARTIAL_OR_ADAPTED,0,,0,,"Postgame fan bits/timer, initial three fans and Saffron NPC visibility, periodic gain/loss, count/member checks and NPC name buffering are implemented in specialsExtra.ts. ResetTrainerFanClub and link-battle-only paths (fan gain/loss and link record names) are absent; no local link battles. Source logic reviewed; no play-time/event integration verification."
../pokefirered/src/trainer_pokemon_sprites.c,../pokefirered/include/trainer_pokemon_sprites.h,global.h;gflib.h;decompress.h;data.h,286,,SIN_MAPEO_NOMBRE_REVISAR,DOC_PARTIAL_OR_ADAPTED,9,CreateTrainerCardTrainerPicSprite;ResetAllPicSprites;CreateTrainerPicSprite;FreeAndDestroyMonPicSprite;FreeAndDestroyTrainerPicSprite;PlayerGenderToFrontTrainerPicId;CreateMonPicSprite_HandleDeoxys;LoadMonPicInWindow;CreateMonPicSprite,1,CreateTrainerCardTrainerPicSprite;ResetAllPicSprites;CreateTrainerPicSprite;FreeAndDestroyMonPicSprite;FreeAndDestroyTrainerPicSprite;PlayerGenderToFrontTrainerPicId;LoadMonPicInWindow;CreateMonPicSprite,"Picture-table decompression/palette primitives are implemented in pokemon/pics.ts and trainer/battler rendering uses cdata elsewhere; trainer card draws the player image from exported C sheets. The full eight-slot CreatePicSprite ownership/lifecycle API is absent, and battle DexScreen CreateMonPicSprite_HandleDeoxys remains a 0xffff stub while the Pokedex UI is an adapter. Source review only; these presentation paths are not full C-equivalent."
../pokefirered/src/trainer_see.c,../pokefirered/include/trainer_see.h,global.h;battle_setup.h;event_object_movement.h;field_effect.h;field_player_avatar.h;quest_log.h;script.h;task.h;util.h;constants/battle_setup.h;constants/event_object_movement.h;constants/event_objects.h;constants/trainer_types.h,750,src/fr/field/trainerSee.ts,CANDIDATO_TS_MISMO_NOMBRE,DOC_PARTIAL_OR_ADAPTED,7,CheckForTrainersWantingBattle;MovementAction_RevealTrainer_RunTrainerSeeFuncList;FldEff_ExclamationMarkIcon1;FldEff_DoubleExclMarkIcon;FldEff_XIcon;FldEff_SmileyFaceIcon;FldEff_QuestionMarkIcon,1,MovementAction_RevealTrainer_RunTrainerSeeFuncList;FldEff_ExclamationMarkIcon1;FldEff_DoubleExclMarkIcon;FldEff_XIcon;FldEff_SmileyFaceIcon;FldEff_QuestionMarkIcon,
../pokefirered/src/trainer_tower.c,../pokefirered/include/trainer_tower.h,global.h;gflib.h;util.h;event_data.h;cereader_tool.h;easy_chat.h;battle_setup.h;battle_transition.h;battle.h;battle_main.h;overworld.h;item.h;menu.h;new_menu_helpers.h;constants/items.h;constants/songs.h;constants/layouts.h;constants/trainers.h;constants/event_objects.h;constants/trainer_tower.h,1095,,SIN_MAPEO_NOMBRE_REVISAR,DOC_PENDING,9,PrintTrainerTowerRecords;InitTrainerTowerBattleStruct;FreeTrainerTowerBattleStruct;GetTrainerTowerTrainerFrontSpriteId;ResetTrainerTowerResults;GetTrainerTowerOpponentWinText;GetTrainerTowerOpponentLoseText;GetTrainerTowerOpponentName;GetTrainerTowerOpponentClass,0,PrintTrainerTowerRecords;InitTrainerTowerBattleStruct;FreeTrainerTowerBattleStruct;GetTrainerTowerTrainerFrontSpriteId;ResetTrainerTowerResults;GetTrainerTowerOpponentWinText;GetTrainerTowerOpponentLoseText;GetTrainerTowerOpponentName;GetTrainerTowerOpponentClass,
../pokefirered/src/trainer_tower_sets.c,,global.h;cereader_tool.h;trainer_tower.h;text.h;constants/easy_chat.h;constants/items.h;constants/moves.h;constants/trainer_tower.h;constants/trainers.h,8997,,SIN_MAPEO_NOMBRE_REVISAR,DOC_PENDING,0,,0,,
../pokefirered/src/trig.c,../pokefirered/include/trig.h,global.h,542,src/fr/hw/trig.ts,CANDIDATO_TS_MISMO_NOMBRE,DOC_PORTED_REVIEW_SCOPE,4,Sin;Cos;Sin2;Cos2,4,,"Both source sine tables are exported and loaded by hw/trig.ts; Sin/Cos Q8.8 multiplication, Sin2/Cos2 degree reflection and signed behavior are represented. ArcTan2 helpers add BIOS-compatible functions outside this C file. Reviewed source mapping; no exhaustive numeric diff generated this pass."
../pokefirered/src/union_room.c,../pokefirered/include/union_room.h,global.h;gflib.h;battle.h;berry_crush.h;cable_club.h;data.h;decompress.h;dodrio_berry_picking.h;dynamic_placeholder_text_util.h;easy_chat.h;event_data.h;event_object_lock.h;fieldmap.h;field_control_avatar.h;field_fadetransition.h;field_player_avatar.h;field_weather.h;link.h;link_rfu.h;list_menu.h;load_save.h;menu.h;mystery_gift.h;mystery_gift_menu.h;new_menu_helpers.h;overworld.h;party_menu.h;pokemon_jump.h;quest_log.h;random.h;save_location.h;script.h;script_pokemon_util.h;start_menu.h;strings.h;task.h;trade.h;trade_scene.h;trainer_card.h;union_room.h;union_room_battle.h;union_room_chat.h;union_room_player_avatar.h;union_room_message.h;constants/songs.h;constants/maps.h;constants/cable_club.h;constants/field_weather.h;constants/trainer_card.h;constants/union_room.h;sloopsvc.h;data/union_room.h,4761,,FUERA_DE_ALCANCE_CANDIDATO,OUT_OF_SCOPE_CANDIDATE,3,ALIGNED;StartUnionRoomBattle;CreateTask_CreateTradeMenu,0,ALIGNED;StartUnionRoomBattle;CreateTask_CreateTradeMenu,
../pokefirered/src/union_room_battle.c,../pokefirered/include/union_room_battle.h,global.h;gflib.h;battle.h;link.h;menu.h;new_menu_helpers.h;overworld.h;party_menu.h;strings.h;text_window.h;union_room.h;constants/union_room.h,238,,FUERA_DE_ALCANCE_CANDIDATO,OUT_OF_SCOPE_CANDIDATE,1,CB2_UnionRoomBattle,0,CB2_UnionRoomBattle,
../pokefirered/src/union_room_chat.c,../pokefirered/include/union_room_chat.h,global.h;gflib.h;dynamic_placeholder_text_util.h;help_system.h;link.h;link_rfu.h;load_save.h;menu.h;overworld.h;quest_log.h;save.h;scanline_effect.h;strings.h;task.h;union_room_chat.h;union_room_chat_display.h;keyboard_text.h;constants/songs.h;sloopsvc.h,1571,,FUERA_DE_ALCANCE_CANDIDATO,OUT_OF_SCOPE_CANDIDATE,15,EnterUnionRoomChat;UnionRoomChat_GetWorkRegisteredText;UnionRoomChat_GetCursorColAndRow;UnionRoomChat_GetMessageEntryBuffer;UnionRoomChat_LenMessageEntryBuffer;UnionRoomChat_GetBufferSelectionRegion;UnionRoomChat_GetEndOfMessageEntryBuffer;UnionRoomChat_GetNumCharsInMessageEntryBuffer;UnionRoomChat_GetLastReceivedMessage;UnionRoomChat_GetReceivedPlayerIndex;UnionRoomChat_GetMessageEntryCursorPosition;UnionRoomChat_GetWhetherShouldShowCaseToggleIcon;UnionRoomChat_GetNameOfPlayerWhoDisbandedChat;UnionRoomChat_InitializeRegisteredTexts;GetCurrentKeyboardPage,0,EnterUnionRoomChat;UnionRoomChat_GetWorkRegisteredText;UnionRoomChat_GetCursorColAndRow;UnionRoomChat_GetMessageEntryBuffer;UnionRoomChat_LenMessageEntryBuffer;UnionRoomChat_GetBufferSelectionRegion;UnionRoomChat_GetEndOfMessageEntryBuffer;UnionRoomChat_GetNumCharsInMessageEntryBuffer;UnionRoomChat_GetLastReceivedMessage;UnionRoomChat_GetReceivedPlayerIndex;UnionRoomChat_GetMessageEntryCursorPosition;UnionRoomChat_GetWhetherShouldShowCaseToggleIcon;UnionRoomChat_GetNameOfPlayerWhoDisbandedChat;UnionRoomChat_InitializeRegisteredTexts;GetCurrentKeyboardPage,
../pokefirered/src/union_room_chat_display.c,../pokefirered/include/union_room_chat_display.h,global.h;gflib.h;dynamic_placeholder_text_util.h;graphics.h;menu.h;new_menu_helpers.h;scanline_effect.h;strings.h;text_window.h;union_room_chat.h;union_room_chat_display.h;union_room_chat_objects.h,1339,,FUERA_DE_ALCANCE_CANDIDATO,OUT_OF_SCOPE_CANDIDATE,7,UnionRoomChat_TryAllocGraphicsWork;UnionRoomChat_RunDisplaySubtask0;UnionRoomChat_FreeGraphicsWork;UnionRoomChat_RunDisplaySubtasks;UnionRoomChat_StartDisplaySubtask;RunDisplaySubtask;UnionRoomChat_ProcessInput,0,UnionRoomChat_TryAllocGraphicsWork;UnionRoomChat_RunDisplaySubtask0;UnionRoomChat_FreeGraphicsWork;UnionRoomChat_RunDisplaySubtasks;UnionRoomChat_StartDisplaySubtask;RunDisplaySubtask;UnionRoomChat_ProcessInput,
../pokefirered/src/union_room_chat_objects.c,../pokefirered/include/union_room_chat_objects.h,global.h;gflib.h;decompress.h;graphics.h;union_room_chat.h,346,,FUERA_DE_ALCANCE_CANDIDATO,OUT_OF_SCOPE_CANDIDATE,11,UnionRoomChat_TryAllocSpriteWork;UnionRoomChat_FreeSpriteWork;UnionRoomChat_CreateSelectorCursorObj;UnionRoomChat_ToggleSelectorCursorObjVisibility;UnionRoomChat_MoveSelectorCursorObj;UnionRoomChat_UpdateObjPalCycle;UnionRoomChat_SetSelectorCursorClosedImage;UnionRoomChat_AnimateSelectorCursorReopen;UnionRoomChat_SpawnTextEntryPointerSprites;CreatePageSwitchUISprites;UpdateVisibleUnionRoomChatIcon,0,UnionRoomChat_TryAllocSpriteWork;UnionRoomChat_FreeSpriteWork;UnionRoomChat_CreateSelectorCursorObj;UnionRoomChat_ToggleSelectorCursorObjVisibility;UnionRoomChat_MoveSelectorCursorObj;UnionRoomChat_UpdateObjPalCycle;UnionRoomChat_SetSelectorCursorClosedImage;UnionRoomChat_AnimateSelectorCursorReopen;UnionRoomChat_SpawnTextEntryPointerSprites;CreatePageSwitchUISprites;UpdateVisibleUnionRoomChatIcon,
../pokefirered/src/union_room_message.c,../pokefirered/include/union_room_message.h,global.h;link_rfu.h;mystery_gift_server.h;mystery_gift_client.h;constants/union_room.h,576,,FUERA_DE_ALCANCE_CANDIDATO,OUT_OF_SCOPE_CANDIDATE,0,,0,,
../pokefirered/src/union_room_player_avatar.c,../pokefirered/include/union_room_player_avatar.h,global.h;event_data.h;event_object_movement.h;field_player_avatar.h;fieldmap.h;union_room_player_avatar.h;script.h;task.h;constants/event_object_movement.h;constants/union_room.h;constants/event_objects.h;sloopsvc.h,624,,FUERA_DE_ALCANCE_CANDIDATO,OUT_OF_SCOPE_CANDIDATE,9,InitUnionRoomPlayerObjects;DestroyUnionRoomPlayerObjects;CreateUnionRoomPlayerSprites;DestroyUnionRoomPlayerSprites;MakeGroupAssemblyAreasPassable;ScheduleUnionRoomPlayerRefresh;HandleUnionRoomPlayerRefresh;TryInteractWithUnionRoomMember;UpdateUnionRoomMemberFacing,0,InitUnionRoomPlayerObjects;DestroyUnionRoomPlayerObjects;CreateUnionRoomPlayerSprites;DestroyUnionRoomPlayerSprites;MakeGroupAssemblyAreasPassable;ScheduleUnionRoomPlayerRefresh;HandleUnionRoomPlayerRefresh;TryInteractWithUnionRoomMember;UpdateUnionRoomMemberFacing,
../pokefirered/src/util.c,../pokefirered/include/util.h,global.h,276,src/fr/battle/util.ts,CANDIDATO_TS_MISMO_NOMBRE,DOC_PARTIAL_OR_ADAPTED,9,CreateInvisibleSpriteWithCallback;StoreWordInTwoHalfwords;LoadWordFromTwoHalfwords;CountTrailingZeroBits;CalcCRC16;CalcCRC16WithTable;CalcByteArraySum;BlendPalette;DoBgAffineSet,2,CreateInvisibleSpriteWithCallback;StoreWordInTwoHalfwords;LoadWordFromTwoHalfwords;CalcCRC16;CalcCRC16WithTable;CalcByteArraySum;DoBgAffineSet,"Several primitives are mapped elsewhere: BlendPalette in hw/palette.ts, DoBgAffineSet core math in hw/bg.ts, CountTrailingZeroBits inline in battle/util.ts, and paired task data adapted to TS references. CopySpriteTiles and CRC16/table/byte sum APIs are absent; CRC/sum callers are RAM-script/Mystery Event/trainer-tower transfer validation, outside the normal single-player path. No same-stem TS module; review split by call path, no runtime checks."
../pokefirered/src/vs_seeker.c,../pokefirered/include/vs_seeker.h,global.h;gflib.h;constants/songs.h;task.h;event_object_movement.h;new_menu_helpers.h;item_use.h;event_scripts.h;event_data.h;script.h;event_object_lock.h;field_specials.h;item.h;item_menu.h;field_effect.h;script_movement.h;battle.h;battle_setup.h;random.h;field_player_avatar.h;vs_seeker.h;constants/event_object_movement.h;constants/event_objects.h;constants/maps.h;constants/items.h;constants/quest_log.h;constants/trainer_types.h,1326,src/fr/field/vsSeeker.ts,CANDIDATO_TS_MISMO_NOMBRE,UNREVIEWED,6,Task_VsSeeker_0;ClearRematchStateByTrainerId;ClearRematchStateOfLastTalked;GetRematchTrainerId;UpdateVsSeekerStepCounter;MapResetTrainerRematches,6,,
../pokefirered/src/wild_encounter.c,../pokefirered/include/wild_encounter.h,global.h;random.h;wild_encounter.h;event_data.h;fieldmap.h;roamer.h;field_player_avatar.h;battle_setup.h;overworld.h;metatile_behavior.h;event_scripts.h;script.h;link.h;quest_log.h;constants/maps.h;constants/abilities.h;constants/items.h;data/wild_encounters.h,784,src/fr/field/wildEncounter.ts,CANDIDATO_TS_MISMO_NOMBRE,DOC_PARTIAL_OR_ADAPTED,12,DisableWildEncounters;StandardWildEncounter;SweetScentWildEncounter;DoesCurrentMapHaveFishingMons;FishingWildEncounter;GetLocalWildMon;GetLocalWaterMon;UpdateRepelCounter;GetUnownLetterByPersonalityLoByte;SeedWildEncounterRng;ResetEncounterRateModifiers;TryStandardWildEncounter,0,DisableWildEncounters;StandardWildEncounter;SweetScentWildEncounter;DoesCurrentMapHaveFishingMons;FishingWildEncounter;GetLocalWildMon;GetLocalWaterMon;UpdateRepelCounter;GetUnownLetterByPersonalityLoByte;SeedWildEncounterRng;ResetEncounterRateModifiers;TryStandardWildEncounter,
../pokefirered/src/wild_pokemon_area.c,../pokefirered/include/wild_pokemon_area.h,global.h;field_specials.h;event_data.h;wild_encounter.h;roamer.h;overworld.h;pokedex.h;pokedex_area_markers.h;constants/region_map_sections.h;constants/maps.h,317,,SIN_MAPEO_NOMBRE_REVISAR,DOC_PARTIAL_OR_ADAPTED,1,GetSpeciesPokedexAreaMarkers,0,GetSpeciesPokedexAreaMarkers,"Added getSpeciesPokedexAreaMarkers logic in src/fr/pokedexArea.ts using exported wild encounter and MAPSEC/DEX_AREA cdata; covers roamer starter/location, unlock flags and selected Altering Cave table. Shared with marker descriptor helper; runtime check and UI wiring remain."
../pokefirered/src/window.c,../pokefirered/include/window.h,global.h;gflib.h,513,src/fr/gba/window.ts;src/fr/hw/window.ts,CANDIDATO_TS_MISMO_NOMBRE,DOC_PARTIAL_OR_ADAPTED,25,void;InitWindows;AddWindow;AddWindowWithoutTileMap;RemoveWindow;FreeAllWindowBuffers;CopyWindowToVram;CopyWindowToVram8Bit;PutWindowTilemap;PutWindowRectTilemapOverridePalette;ClearWindowTilemap;PutWindowRectTilemap;BlitBitmapToWindow;BlitBitmapRectToWindow;FillWindowPixelRect;CopyToWindowPixelBuffer;FillWindowPixelBuffer;ScrollWindow;CallWindowFunction;SetWindowAttribute;GetWindowAttribute;AddWindow8Bit;FillWindowPixelBuffer8Bit;FillWindowPixelRect8Bit;BlitBitmapRectToWindow4BitTo8Bit,19,AddWindowWithoutTileMap;CopyWindowToVram8Bit;AddWindow8Bit;FillWindowPixelBuffer8Bit;FillWindowPixelRect8Bit;BlitBitmapRectToWindow4BitTo8Bit,"Window allocation, tilemaps, bitmap drawing, fills, scrolling, attributes and copy-to-VRAM paths are split across gba/window.ts and hw/window.ts; screen consumers use both layers. Several source entry points/8-bit APIs lack direct equivalents, and memory allocation is JS-managed. Marked partial; no full API parity or pixel comparison."
../pokefirered/src/window_8bpp.c,,global.h;gflib.h,127,,SIN_MAPEO_NOMBRE_REVISAR,DOC_PARTIAL_OR_ADAPTED,0,,0,,"No TS 8bpp window lifecycle APIs yet: AddWindow8Bit, FillWindowPixelBuffer8Bit, FillWindowPixelRect8Bit, BlitBitmapRectToWindow4BitTo8Bit wrapper, and CopyWindowToVram8Bit. The underlying 4bpp-to-8bpp blit and FillBitmapRect8Bit primitives were added to hw/window.ts while porting blit.c. Original caller is the storage multi-move window; storage screens remain adapters. Source review only."
../pokefirered/src/wireless_communication_status_screen.c,,global.h;gflib.h;task.h;new_menu_helpers.h;scanline_effect.h;m4a.h;dynamic_placeholder_text_util.h;overworld.h;strings.h;menu.h;librfu.h;link_rfu.h;union_room.h;constants/songs.h;constants/union_room.h;sloopsvc.h,522,,SIN_MAPEO_NOMBRE_REVISAR,OUT_OF_SCOPE_DOCUMENTED,0,,0,,"Counts RFU wireless trade, battle, union-room and wireless minigame activity, displays connected peers and cycles status palettes. No single-player caller; RFU/link hardware absent. Out of scope for single-player mode."
../pokefirered/src/wonder_news.c,../pokefirered/include/wonder_news.h,global.h;mystery_gift.h;random.h;event_data.h;wonder_news.h;constants/items.h,154,,SIN_MAPEO_NOMBRE_REVISAR,OUT_OF_SCOPE_DOCUMENTED,3,WonderNews_SetReward;WonderNews_Reset;WonderNews_IncrementStepCounter,0,WonderNews_SetReward;WonderNews_Reset;WonderNews_IncrementStepCounter,Manages reward berries and step-gated reward limits for Wonder News sent to/received from link partners; it requires saved Mystery Gift Wonder News and link/distribution data. The web single-player route has no Wonder News transfer or acquisition path; its existing handler returns no reward. Excludes this link-distribution reward subsystem only.
